--
-- PostgreSQL database dump
--

\restrict zA5ESwRsjvbbivMm5hfzv6jwmZaj8BZI3ijjhBpOMBaVfMZ71IpS8hRJHV12xEW

-- Dumped from database version 17.6
-- Dumped by pg_dump version 17.6

SET statement_timeout = 0;
SET lock_timeout = 0;
SET idle_in_transaction_session_timeout = 0;
SET transaction_timeout = 0;
SET client_encoding = 'UTF8';
SET standard_conforming_strings = on;
SELECT pg_catalog.set_config('search_path', '', false);
SET check_function_bodies = false;
SET xmloption = content;
SET client_min_messages = warning;
SET row_security = off;

--
-- Name: routing; Type: SCHEMA; Schema: -; Owner: postgres
--

CREATE SCHEMA routing;


ALTER SCHEMA routing OWNER TO postgres;

--
-- Name: route_segment; Type: TYPE; Schema: routing; Owner: postgres
--

CREATE TYPE routing.route_segment AS (
	id integer,
	source text,
	target text,
	mode text,
	cost integer,
	geom public.geometry
);


ALTER TYPE routing.route_segment OWNER TO postgres;

--
-- Name: create_shallow_curve(public.geometry, public.geometry); Type: FUNCTION; Schema: routing; Owner: postgres
--

CREATE FUNCTION routing.create_shallow_curve(p1 public.geometry, p2 public.geometry) RETURNS public.geometry
    LANGUAGE plpgsql
    AS $$
DECLARE
    midpoint public.GEOMETRY;
    azimuth_angle FLOAT;
    normal_angle FLOAT;
    control_point public.GEOMETRY;
    offset_distance FLOAT;
    srid INTEGER;
BEGIN
    -- Ensure input points have the same SRID and are in a projected system for distance calculations
    srid := public.ST_SRID(p1);
    IF srid IS NULL OR srid != public.ST_SRID(p2) THEN
        RAISE EXCEPTION 'Both points must have the same projected SRID (e.g., 3857 or a local projection). Geographic SRIDs (e.g., 4326) will not work correctly with simple offsets.';
    END IF;

    -- 1. Find the midpoint of the straight line segment
    midpoint := public.ST_LineInterpolatePoint(public.ST_MakeLine(p1, p2), 0.5);

    -- 2. Calculate the azimuth (direction) from p1 to p2
    -- public.ST_Azimuth returns radians, but public.ST_Project works with radians too.
    azimuth_angle := public.ST_Azimuth(p1, p2);

    -- 3. Determine the normal (perpendicular) angle to the line
    -- Add or subtract PI/2 radians (90 degrees) to go left or right of the line
    -- Adding PI/2 bends the curve one way, subtracting the other way.
    normal_angle := azimuth_angle + PI()/2;

    offset_distance := public.ST_Distance(p1::public.geography, p2::public.geography) / 4;

    -- 4. Project the midpoint outwards along the normal by the offset distance
    -- public.ST_Project moves a point by distance (meters) and azimuth (radians)
    control_point := public.ST_Project(midpoint::public.geography, offset_distance, normal_angle)::public.geometry;

    -- 5. Create the final CIRCULARSTRING using the 3 points
    RETURN public.ST_CurveToLine(public.ST_SetSRID(
        public.ST_GeomFromText(
            'CIRCULARSTRING(' ||
            public.ST_X(p1) || ' ' || public.ST_Y(p1) || ', ' ||
            public.ST_X(control_point) || ' ' || public.ST_Y(control_point) || ', ' ||
            public.ST_X(p2) || ' ' || public.ST_Y(p2) || ')'
        ),
        srid
    ));
END;
$$;


ALTER FUNCTION routing.create_shallow_curve(p1 public.geometry, p2 public.geometry) OWNER TO postgres;

--
-- Name: find_route(integer, integer, text, date); Type: FUNCTION; Schema: routing; Owner: postgres
--

CREATE FUNCTION routing.find_route(start_id integer, end_id integer, available_modes text, year date) RETURNS SETOF routing.route_segment
    LANGUAGE plpgsql STRICT
    AS $$
    DECLARE
        r       RECORD;
        edge_source INT;
        edge_target INT;
        segment route_segment;
    BEGIN
        FOR r in EXECUTE 'SELECT node AS vertex_id,
                                edge AS edge_id,
                                cost AS cost
                        FROM pgr_dijkstra(
                            ''SELECT subquery.id, subquery.source, subquery.target, subquery.cost
                            FROM (
                                SELECT
                                e.id AS id,
                                e.source AS source,
                                e.target AS target,
                                e.cost AS cost
                                FROM edge e
                                WHERE 
                                  position(e.mode in ''''' || available_modes || ''''') > 0 AND (e.open is NULL OR
                                  ''''' || year || ''''' >= e.open) AND (e.close is NULL or 
                                  ''''' || year || ''''' <= e.close)
                            ) AS subquery
                            ORDER BY subquery.cost, subquery.source, subquery.target '', ' || start_id || ', ' || end_id || ', false)'
        LOOP
        IF (r.edge_id = -1) THEN
            RETURN;
        END IF;
        
        IF (r.cost < 0) THEN
            CONTINUE;
        END IF;

        SELECT edges.source INTO edge_source FROM edge AS edges WHERE r.edge_id = edges.id;
        SELECT edges.target INTO edge_target FROM edge AS edges WHERE r.edge_id = edges.id;
        SELECT edges.mode INTO segment.mode FROM edge AS edges WHERE r.edge_id = edges.id;
        segment.cost = r.cost;
        segment.id   = r.edge_id;

        IF (edge_source <> r.vertex_id) THEN
            SELECT ST_Reverse(edges.geom) INTO segment.geom FROM edge AS edges WHERE r.edge_id = edges.id;
            SELECT node.name INTO segment.source FROM node WHERE edge_target = node.id;
            SELECT node.name INTO segment.target FROM node WHERE edge_source = node.id;
        ELSE
            SELECT edges.geom INTO segment.geom FROM edge AS edges WHERE r.edge_id = edges.id;
            SELECT node.name INTO segment.source FROM node WHERE edge_source = node.id;
            SELECT node.name INTO segment.target FROM node WHERE edge_target = node.id;
        END IF;

        RETURN NEXT segment;
        END LOOP;
        RETURN;
    END;
    $$;


ALTER FUNCTION routing.find_route(start_id integer, end_id integer, available_modes text, year date) OWNER TO postgres;

--
-- Name: location_id_seq; Type: SEQUENCE; Schema: routing; Owner: postgres
--

CREATE SEQUENCE routing.location_id_seq
    START WITH 1
    INCREMENT BY 1
    NO MINVALUE
    MAXVALUE 2147483647
    CACHE 1;


ALTER SEQUENCE routing.location_id_seq OWNER TO postgres;

SET default_tablespace = '';

SET default_table_access_method = heap;

--
-- Name: location; Type: TABLE; Schema: routing; Owner: postgres
--

CREATE TABLE routing.location (
    geom public.geometry(Point,4326),
    name text,
    id integer DEFAULT nextval('routing.location_id_seq'::regclass) NOT NULL,
    rank integer,
    notes text
);


ALTER TABLE routing.location OWNER TO postgres;

--
-- Name: mode; Type: TABLE; Schema: routing; Owner: postgres
--

CREATE TABLE routing.mode (
    id integer NOT NULL,
    name text,
    speed integer
);


ALTER TABLE routing.mode OWNER TO postgres;

--
-- Name: TABLE mode; Type: COMMENT; Schema: routing; Owner: postgres
--

COMMENT ON TABLE routing.mode IS 'Mode of transportation';


--
-- Name: rank_id_seq; Type: SEQUENCE; Schema: routing; Owner: postgres
--

CREATE SEQUENCE routing.rank_id_seq
    START WITH 1
    INCREMENT BY 1
    NO MINVALUE
    MAXVALUE 2147483647
    CACHE 1;


ALTER SEQUENCE routing.rank_id_seq OWNER TO postgres;

--
-- Name: rank; Type: TABLE; Schema: routing; Owner: postgres
--

CREATE TABLE routing.rank (
    id integer DEFAULT nextval('routing.rank_id_seq'::regclass) NOT NULL,
    name text,
    size integer
);


ALTER TABLE routing.rank OWNER TO postgres;

--
-- Name: node; Type: VIEW; Schema: routing; Owner: postgres
--

CREATE VIEW routing.node AS
 SELECT l.id,
    l.name,
    l.rank,
    r.name AS description,
    l.geom
   FROM routing.location l,
    routing.rank r
  WHERE (l.rank = r.id);


ALTER VIEW routing.node OWNER TO postgres;

--
-- Name: path; Type: TABLE; Schema: routing; Owner: postgres
--

CREATE TABLE routing.path (
    id integer NOT NULL,
    geom public.geometry(LineString,4326),
    source integer,
    target integer
);


ALTER TABLE routing.path OWNER TO postgres;

--
-- Name: path_mode; Type: TABLE; Schema: routing; Owner: postgres
--

CREATE TABLE routing.path_mode (
    id integer NOT NULL,
    path integer,
    mode integer,
    open date,
    close date,
    cost integer
);


ALTER TABLE routing.path_mode OWNER TO postgres;

--
-- Name: edge; Type: MATERIALIZED VIEW; Schema: routing; Owner: postgres
--

CREATE MATERIALIZED VIEW routing.edge AS
 SELECT row_number() OVER (ORDER BY edge.id) AS id,
    edge.synthetic,
    edge.source,
    edge.target,
        CASE
            WHEN (edge.cost IS NULL) THEN (((public.st_length((edge.geom)::public.geography, true) / (m.speed)::double precision) * (60)::double precision))::integer
            ELSE edge.cost
        END AS cost,
    m.name AS mode,
    edge.open,
    edge.close,
    edge.geom
   FROM ( WITH existing_pairs AS (
                 SELECT DISTINCT LEAST(p.source, p.target) AS source,
                    GREATEST(p.source, p.target) AS target
                   FROM routing.path_mode pm,
                    routing.path p
                  WHERE (pm.path = p.id)
                )
         SELECT gen_random_uuid() AS id,
            false AS synthetic,
            LEAST(p.source, p.target) AS source,
            GREATEST(p.source, p.target) AS target,
            pm.cost,
            pm.open,
            pm.close,
            pm.mode,
            p.geom
           FROM routing.path_mode pm,
            routing.path p
          WHERE (pm.path = p.id)
        UNION ALL
         SELECT gen_random_uuid() AS id,
            true AS synthetic,
            LEAST(n.id, n2.id) AS source,
            GREATEST(n.id, n2.id) AS target,
            NULL::integer AS cost,
            NULL::date AS open,
            NULL::date AS close,
            9 AS mode,
            routing.create_shallow_curve(n.geom, n2.geom) AS geom
           FROM ((routing.node n
             JOIN routing.node n2 ON (((public.st_distance((n.geom)::public.geography, (n2.geom)::public.geography) < (300)::double precision) AND (n.id < n2.id))))
             LEFT JOIN existing_pairs e ON (((e.source = LEAST(n.id, n2.id)) AND (e.target = GREATEST(n.id, n2.id)))))
          WHERE (e.source IS NULL)) edge,
    routing.mode m
  WHERE (edge.mode = m.id)
  WITH NO DATA;


ALTER MATERIALIZED VIEW routing.edge OWNER TO postgres;

--
-- Name: edge_old; Type: VIEW; Schema: routing; Owner: postgres
--

CREATE VIEW routing.edge_old AS
 SELECT pm.id,
    p.source,
    p.target,
        CASE
            WHEN (pm.cost IS NULL) THEN (((public.st_length((p.geom)::public.geography, true) / (m.speed)::double precision) * (60)::double precision))::integer
            ELSE pm.cost
        END AS cost,
    pm.open,
    pm.close,
    m.name AS mode,
    p.geom
   FROM routing.path_mode pm,
    routing.path p,
    routing.mode m
  WHERE ((pm.path = p.id) AND (pm.mode = m.id));


ALTER VIEW routing.edge_old OWNER TO postgres;

--
-- Name: mode_id_seq; Type: SEQUENCE; Schema: routing; Owner: postgres
--

CREATE SEQUENCE routing.mode_id_seq
    AS integer
    START WITH 1
    INCREMENT BY 1
    NO MINVALUE
    NO MAXVALUE
    CACHE 1;


ALTER SEQUENCE routing.mode_id_seq OWNER TO postgres;

--
-- Name: mode_id_seq; Type: SEQUENCE OWNED BY; Schema: routing; Owner: postgres
--

ALTER SEQUENCE routing.mode_id_seq OWNED BY routing.mode.id;


--
-- Name: name; Type: TABLE; Schema: routing; Owner: postgres
--

CREATE TABLE routing.name (
    location integer,
    iso639 character(3) NOT NULL,
    name text
);


ALTER TABLE routing.name OWNER TO postgres;

--
-- Name: path_id_seq; Type: SEQUENCE; Schema: routing; Owner: postgres
--

CREATE SEQUENCE routing.path_id_seq
    AS integer
    START WITH 1
    INCREMENT BY 1
    NO MINVALUE
    NO MAXVALUE
    CACHE 1;


ALTER SEQUENCE routing.path_id_seq OWNER TO postgres;

--
-- Name: path_id_seq; Type: SEQUENCE OWNED BY; Schema: routing; Owner: postgres
--

ALTER SEQUENCE routing.path_id_seq OWNED BY routing.path.id;


--
-- Name: path_mode_id_seq; Type: SEQUENCE; Schema: routing; Owner: postgres
--

CREATE SEQUENCE routing.path_mode_id_seq
    AS integer
    START WITH 1
    INCREMENT BY 1
    NO MINVALUE
    NO MAXVALUE
    CACHE 1;


ALTER SEQUENCE routing.path_mode_id_seq OWNER TO postgres;

--
-- Name: path_mode_id_seq; Type: SEQUENCE OWNED BY; Schema: routing; Owner: postgres
--

ALTER SEQUENCE routing.path_mode_id_seq OWNED BY routing.path_mode.id;


--
-- Name: mode id; Type: DEFAULT; Schema: routing; Owner: postgres
--

ALTER TABLE ONLY routing.mode ALTER COLUMN id SET DEFAULT nextval('routing.mode_id_seq'::regclass);


--
-- Name: path id; Type: DEFAULT; Schema: routing; Owner: postgres
--

ALTER TABLE ONLY routing.path ALTER COLUMN id SET DEFAULT nextval('routing.path_id_seq'::regclass);


--
-- Name: path_mode id; Type: DEFAULT; Schema: routing; Owner: postgres
--

ALTER TABLE ONLY routing.path_mode ALTER COLUMN id SET DEFAULT nextval('routing.path_mode_id_seq'::regclass);


--
-- Data for Name: location; Type: TABLE DATA; Schema: routing; Owner: postgres
--

COPY routing.location (geom, name, id, rank, notes) FROM stdin;
0101000020E61000008997A773450B4040D76839D043AB4440	Hacılar	737	5	\N
0101000020E6100000A8F287B02BB84040F32103D42F524240	Mut	678	7	\N
0101000020E6100000F1B8A81611913A404529215855D54440	Edirne	110	9	\N
0101000020E61000002A3BFDA02E823B403B8C497F2F7D4440	Tekfûrdağ	53	8	\N
0101000020E61000008B5242B0AA6A3940CDCCCCCCCC8C4440	Gümülcine	111	8	\N
0101000020E6100000643A747ADE393C40A7CAF78C448A4440	Silivri	32	7	\N
0101000020E6100000446D1B4641B03A40DC4603780BA24440	Uzunköprü	98	7	\N
0101000020E61000006666666666A63940AC8F87BEBBBB4440	Koşukavak	112	7	\N
0101000020E61000008FC2F5285C8F3C404E9D47C5FF814440	Büyükçekmece	11	7	\N
0101000020E610000030BABC395C1B3B404D310741479B4440	Hayrabolu	76	6	\N
0101000020E610000064E8D84125623C402D5E2C0C91B34440	Karacaköy	15	5	\N
0101000020E61000004D486B0C3AAD3C401A18795913A74440	Terkos	14	6	\N
0101000020E6100000817B9E3F6D303C40C5AD8218E8B44440	Istranca	16	6	\N
0101000020E610000086E8103812003C4014AE47E17AA44440	Çerkezköy	55	6	\N
0101000020E6100000882EA86F996B3B40BF9B6ED921704440	Nâib	57	6	\N
0101000020E6100000AF415F7AFB473B408600E0D8B3774440	İnecik	58	6	\N
0101000020E6100000272EC72B10553B4055BDFC4E935F4440	Ganos	61	6	\N
0101000020E6100000427A8A1C22E23A404529215855554440	Evreşe	64	6	\N
0101000020E6100000E8D9ACFA5CC13A40F8A6E9B303424440	Bulayır	65	6	\N
0101000020E6100000562AA8A8FA613A40AD6BB41CE8754440	İpsala	69	6	\N
0101000020E61000004C89247A19453A4098512CB7B47A4440	Petekli	72	6	\N
0101000020E61000001C5F7B6649C0394067D5E76A2B6E4440	Makri	73	6	\N
0101000020E610000050C24CDBBFEA3B402332ACE28DB84440	Saray	77	6	\N
0101000020E61000005E2D776682BD3B4046EC134031C24440	Hasboğa	79	6	\N
0101000020E610000085EB51B81E853B40081F4AB4E4CF4440	Pınarhisâr	82	6	\N
0101000020E6100000EB3713D385283B4056F31C91EFF84440	Kofçağız	85	6	\N
0101000020E6100000E7E44526E0FB3B407A17EFC7EDEF4440	İğneada	88	6	\N
0101000020E61000003333333333F33B40CDCCCCCCCC0C4540	Ahtenbolu	90	6	\N
0101000020E6100000A5A0DB4B1AC33B4077F86BB246E94440	Samakovcuk	93	6	\N
0101000020E61000005C8FC2F5289C3A40317BD976DAB04440	Kuleliburgaz	100	6	\N
0101000020E61000002786E464E2D23A40232C2AE274F44440	Hacıdanışmend	103	6	\N
0101000020E6100000DB1324B6BB3B3A40795C548B88C84440	Sarıhızır	106	6	\N
0101000020E6100000C1AC50A4FBC53C4035B8AD2D3C974440	Boğazköy	13	5	\N
0101000020E61000005AD6FD63219E3C403067B62BF4934440	Hadımköy	10	5	\N
0101000020E610000001C11C3D7E5B3A400E1137A792174440	Maydos	67	5	\N
0101000020E6100000A8E0F08288C83B4087A3AB7477174540	Poturnak	91	5	\N
0101000020E610000046B6F3FDD4783B4014AE47E17AA44440	Seyidler	97	5	\N
0101000020E610000084F1D3B837AF3840C5AD8218E8DC4440	Çepelare	120	5	\N
0101000020E61000006666666666663840EE0912DBDDDD4440	Devin	122	5	\N
0101000020E6100000BE1589096A243B405455682096AF4440	Alpullu	94	4	\N
0101000020E61000008386FE092EC6374099BB96900F824440	Borna	168	4	\N
0101000020E61000008B5242B0AAEA34406666666666E64440	Gostivar	184	6	\N
0101000020E6100000D6ABC8E880AC3540412E71E4810C4540	Kumanova	179	7	\N
0101000020E61000006EA7AD11C11435409224085740514540	Gleodor	206	4	\N
0101000020E610000014B4C9E193CE334088A06AF46ABA4540	Yenivaroş	196	7	\N
0101000020E61000005C8FC2F5285C3340AE47E17A14AE4540	Taşlıca	199	8	\N
0101000020E6100000B91B446B45A333404D4EED0C53AF4540	Prepol	198	7	\N
0101000020E61000003D49BA66F2293540A96A82A8FB544540	Priştine	207	8	\N
0101000020E6100000211FF46C56BD344041F163CC5D1B4540	Prizren	186	8	\N
0101000020E61000002E90A0F831A635402BF697DD93274540	Preşevo	205	7	\N
0101000020E61000007B14AE47E17A35405C8FC2F5283C4540	Gilan	204	7	\N
0101000020E61000000000000000403540795C548B88484540	Yanova	203	5	\N
0101000020E6100000581F0F7D77F73440795C548B88684540	Vıçtırın	202	7	\N
0101000020E610000024F25D4A5DDE3440C7629B5434724540	Mitroviça	201	7	\N
0101000020E61000006C21C84109C733401E6CB1DB67934540	Beşteritza	193	6	\N
0101000020E6100000A8E0F08288883340CDCCCCCCCCCC4540	Priboy	197	6	\N
0101000020E6100000B91803EB38FE334048DE3994A1A24540	Seniçe	194	5	\N
0101000020E6100000F6285C8FC28533401CD0D2156C694540	Kolaşin	192	7	\N
0101000020E61000000000000000C0334085EB51B81E854540	Akova	191	7	\N
0101000020E61000005C8FC2F528DC3340EC51B81E856B4540	Berane	190	7	\N
0101000020E6100000CDCCCCCCCC4C34403333333333534540	İpek	188	8	\N
0101000020E61000000F4757E9EE6E3440213D450E11314540	Yakova	189	7	\N
0101000020E6100000807EDFBF79D533407A17EFC7ED474540	Gusinye	187	7	\N
0101000020E61000008B5242B0AA6A3440795C548B88084540	Luma	185	7	\N
0101000020E61000008B5242B0AA2A3540DFC2BAF1EE2E4540	Ferizovik	182	5	\N
0101000020E6100000581F0F7D77F734400000000000004540	Kalkandelen	183	7	\N
0101000020E6100000321D3A3DEF1E3640CAC0012D5DE54340	Dominik	208	6	\N
0101000020E6100000E3A59BC42010364000917EFB3A204440	Velondos	214	6	\N
0101000020E6100000CC7F48BF7DCD35404BEA043411F64340	Deskati	212	6	\N
0101000020E61000002AA913D044283640F94ECC7A31104440	Livadi	213	6	\N
0101000020E61000007E1D386744C935404A0C022B87264440	Kozani	211	7	\N
0101000020E61000009FCDAACFD5A63540D122DBF97E0A4440	Ventzio	215	6	\N
0101000020E61000006FBBD05CA7393B406BF0BE2A17DE4440	Kırkkilise	84	8	\N
0101000020E6100000DB1324B6BBAB3A40572250FD83344440	Gelibolu	66	8	\N
0101000020E61000008FE4F21FD2DF3940780B24287E6C4440	Dedeağaç	71	8	\N
0101000020E6100000E27492AD2E173D4088A06AF46A924440	Beykoz	26	7	\N
0101000020E610000075ADBD4F55153B404529215855754440	Hereke	75	5	\N
0101000020E6100000DBA7E331039D3D40664F029B73964440	Şile	30	7	\N
0101000020E6100000682101A3CB7F3B40F5D6C05609964440	Murâdlı	56	7	\N
0101000020E6100000BE8575E3DD1D39400000000000804440	Karaağaç	114	5	\N
0101000020E6100000DC10E335AFE63A4052B81E85EB714440	Malkara	59	7	\N
0101000020E6100000CDCCCCCCCCCC3B401CCD91955F944440	Çorlu	60	7	\N
0101000020E610000097B021246B413540FE001286D51D4540	Kaçanik	180	7	\N
0101000020E6100000E92EA01747223D402A164F07CE754440	Maltepe	19	5	\N
0101000020E6100000453BB277B1303D4013325EA0D5714440	Kartal	22	7	\N
0101000020E6100000F554814818053D408D77FF01967F4440	Haydarpaşa	20	4	\N
0101000020E6100000F09AC2F3DCC53C40F68CA61E7F7E4440	Küçükçekmece	12	7	\N
0101000020E6100000AA01E40C50783C4068D4D07228934440	Çatalca	8	8	\N
0101000020E61000001A187959133F3B40C3F2E7DB82554440	Mürefte	62	7	\N
0101000020E6100000404E98309A1D3B402AA8A8FA954E4440	Şarköy	63	7	\N
0101000020E6100000676325E659A13A4035EB8CEF8B6D4440	Keşan	68	7	\N
0101000020E61000009432A9A10DC43B40E17A14AE47C94440	Vize	78	7	\N
0101000020E610000014984EEB36183C408C67D0D03FD14440	Midye	80	7	\N
0101000020E610000036583849F35B3B400B47904AB1B34440	Lüleburgaz	81	7	\N
0101000020E610000053B29C84D2173B408FC2F5285CB74440	Babaeski	83	7	\N
0101000020E6100000A8E0F08288883B40EE0912DBDDFD4440	Tırnovacık	86	7	\N
0101000020E6100000220038F6ECD93B408ECD8E54DF154540	Vasilikoz	89	7	\N
0101000020E61000000F4757E9EE2E3640795C548B88084540	Karatova	173	7	\N
0101000020E6100000EF1EA0FB72D23A40CBA0DAE044C64440	Havsa	102	7	\N
0101000020E61000003333333333333A4012F6ED2422E24440	Cisr-i Mustafapaşa	104	7	\N
0101000020E6100000BE8575E3DD5D39403333333333D34440	Kırcaali	108	7	\N
0101000020E6100000226C787AA54C3A40B8AF03E78C984440	Sofulu	74	7	\N
0101000020E6100000427A8A1C22E23840213D450E11914440	İskeçe	115	7	\N
0101000020E6100000427A8A1C22223940BBD6DEA7AACA4440	Eğridere	116	7	\N
0101000020E61000009A99999999193940213D450E11B14440	Darıdere	118	7	\N
0101000020E61000003333333333B33840BBD6DEA7AACA4440	Paşmaklı	119	7	\N
0101000020E61000003333333333F33940EE0912DBDDBD4440	Demirler	107	6	\N
0101000020E6100000CDCCCCCCCC8C3A4087A3AB7477B74440	Urlu	109	6	\N
0101000020E61000008E75711B0D4039404FAF946588C34440	Küçükveran	117	6	\N
0101000020E6100000000000000080364012F6ED2422224440	Katerin	141	7	\N
0101000020E61000000000000000803640CDCCCCCCCC0C4440	Litohor	142	6	\N
0101000020E61000003333333333F33540DFC2BAF1EEEE4440	Kiliseli	177	7	\N
0101000020E6100000E25817B7D19036401EA7E8482E7F4440	Karasulu	145	5	\N
0101000020E6100000B81E85EB516836404C37894160654440	Yenice-i Vardar	159	7	\N
0101000020E610000075ADBD4F55D535406666666666664440	Ostrovo	160	6	\N
0101000020E61000006666666666E636403333333333534440	Selânik	158	9	\N
0101000020E6100000427A8A1C222238403333333333934440	Drama	125	8	\N
0101000020E6100000CDCCCCCCCC8C3740BBD6DEA7AA8A4440	Siroz	129	8	\N
0101000020E61000003333333333B33840EE0912DBDD7D4440	Sarışaban	123	7	\N
0101000020E6100000666666666666384087A3AB7477774440	Kavala	124	7	\N
0101000020E61000001A51DA1B7C413840304CA60A46754440	Pravişte	127	7	\N
0101000020E61000000742B28009D437409D2E8B89CD834440	Zihne	126	7	\N
0101000020E6100000427A8A1C22623740EE0912DBDD9D4440	Demirhisâr	128	7	\N
0101000020E6100000DB1324B6BBBB3740795C548B88C84440	Nevrokop	130	7	\N
0101000020E6100000666666666666374012F6ED2422C24440	Melnik	131	7	\N
0101000020E61000009A9999999919374012F6ED2422024540	Cuma-ı Bâlâ	133	7	\N
0101000020E6100000F90FE9B7AF3337406D567DAEB6B24440	Petriç	132	7	\N
0101000020E61000006666666666663640213D450E11914440	Gevgeli	161	7	\N
0101000020E6100000C6A70018CF383840B3B5BE48681B4440	Defne	135	5	\N
0101000020E610000031242713B73E38404D158C4AEA204440	Karyes	136	7	\N
0101000020E61000000F4757E9EE6E3740DFC2BAF1EE2E4440	Poligiros	137	7	\N
0101000020E6100000F1B8A816111137400000000000604440	Langaza	138	7	\N
0101000020E610000072F90FE9B73F3640401361C3D3B34440	Demirkapı	162	4	\N
0101000020E6100000427A8A1C22A2364087A3AB7477B74440	Üstrümce	163	7	\N
0101000020E610000034A2B437F80236401D38674469B74440	Kavadar	164	7	\N
0101000020E61000009FCDAACFD51636406744696FF0BD4440	Negotin	165	5	\N
0101000020E6100000A835CD3B4EF13540EE5A423EE8C94440	Gradsko	166	6	\N
0101000020E61000006BD619DF17CB35405C8FC2F528DC4440	Köprülü	167	7	\N
0101000020E6100000000341800C7536409F03CB11321C4540	Devebağırtan Kapısı	178	4	\N
0101000020E610000011E15F048D313640D7D9907F66DE4440	İştip	176	7	\N
0101000020E610000025ECDB4944C43640AC8F87BEBBFB4440	Sultâniye	175	5	\N
0101000020E61000008B5242B0AA6A36404529215855F54440	Koçana	171	7	\N
0101000020E6100000392861A6EDE3364017EFC7ED97E14440	Osmâniye	170	7	\N
0101000020E61000008692C9A99D913640605628D2FDC44440	Radoviş	169	7	\N
0101000020E6100000AD69DE718AFE3540AC8BDB6800174440	Serfiçe	209	8	\N
0101000020E61000008B5242B0AA6A3540BBD6DEA7AA0A4440	Gerebena	216	7	\N
0101000020E6100000CDCCCCCCCC8C3540213D450E11214440	Siatista	217	6	\N
0101000020E61000000F4757E9EEAE354012F6ED2422424440	Cuma	218	7	\N
0101000020E61000008A8EE4F21F623540545227A089284440	Nasliç	219	7	\N
0101000020E6100000151DC9E53F84354061545227A0394440	Vlahti	220	5	\N
0101000020E6100000BEC1172653D53540211FF46C56554440	Katranca	221	6	\N
0101000020E6100000F2B0506B9AC734406519E258174F4440	Görice	222	8	\N
0101000020E610000000000000004035409A99999999394440	Horpişte	223	6	\N
0101000020E610000025ECDB494444354012F6ED2422424440	Kesriye	224	7	\N
0101000020E61000000F4757E9EEAE3440BBD6DEA7AA2A4440	Hersek	225	7	\N
0101000020E610000010E9B7AF03A734404FAF946588734440	İstarova	226	7	\N
0101000020E6100000764F1E166AFD3440B81E85EB51504440	Bilişt	227	6	\N
0101000020E6100000363CBD52967134406DC5FEB27B5A4440	Opar	228	6	\N
0101000020E6100000F1B8A81611113440CDCCCCCCCC8C4440	İlbasan	229	8	\N
0101000020E6100000A8E0F0828888344012F6ED2422C24440	Debre	230	8	\N
0101000020E6100000399D64ABCB6D344015AB06616ED74440	Debre-i Zîr	231	7	\N
0101000020E61000003430F2B226AE3540C03DCF9F36584440	Soroviç	232	5	\N
0101000020E6100000BE8575E3DD9D354012F6ED2422624440	Banitsa	233	5	\N
0101000020E6100000E5F21FD26F7F35406D567DAEB6624440	Florina	234	7	\N
0101000020E6100000AE4A22FB20033540B1FCF9B6608B4440	Resne	237	6	\N
0101000020E61000004D486B0C3ACD344051BB5F05F88E4440	Ohri	238	7	\N
0101000020E6100000399D64ABCBAD34401F85EB51B8964440	Ustruga	239	6	\N
0101000020E610000070404B57B0553540D7A6B1BD16844440	Manastır	242	9	\N
0101000020E6100000FAEDEBC0398333408D28ED0DBE084540	İşkodra	246	9	\N
0101000020E6100000878A71FE26283E4006ED7A0ED1884440	Kandıra	329	7	\N
0101000020E6100000053411363C7D3340E9482EFF212D4540	Kastrat	244	5	\N
0101000020E6100000F6285C8FC2553340A167B3EA732D4540	Tuzi	243	7	\N
0101000020E6100000143FC6DCB5A4334007F0164850E44440	Leç	247	7	\N
0101000020E61000004374081C099833403B55BE6724E84440	Şenkin	248	6	\N
0101000020E61000000F4757E9EE2E3640DFC2BAF1EE0E4540	Eğri Palanka	174	7	\N
0101000020E6100000F241CF66D5DF3640D0ED258DD17E4440	Kukuş	139	7	\N
0101000020E6100000C7EBB39EE9FF3640DC4C1C3B38A14440	Poroy	134	6	\N
0101000020E610000033B28976A8C53640B3AA8F4221964440	Doyran İstasyonu	144	4	\N
0101000020E610000083C0CAA145E6334068B3EA73B5054540	Poka	245	7	\N
0101000020E6100000A03D568468403540677749F11DAF4440	Kırşova	240	6	\N
0101000020E6100000B1E1E995B2CC3340C520B07268C14440	Akçahisâr	249	7	\N
0101000020E61000000DC68844A1D133404D124BCADDA94440	Tiran	251	7	\N
0101000020E6100000742497FF908E33409D11A5BDC1974440	Kavaye	252	7	\N
0101000020E61000003333333333733340795C548B88A84440	Draç	253	8	\N
0101000020E610000075ADBD4F55953540BBD6DEA7AAAA4440	Pirlepe	236	7	\N
0101000020E6100000DB1324B6BBBB34409A99999999794340	Preveze	254	8	\N
0101000020E61000000000000000C034404529215855954340	Loros	255	7	\N
0101000020E6100000787AA52C43FC3440068195438B944340	Narda	256	5	\N
0101000020E610000004E78C28EDDD3440068195438B844340	Salahora	257	6	\N
0101000020E6100000A167B3EA736534404E62105839A44340	Parga	258	6	\N
0101000020E61000008B5242B0AA6A3440DFC2BAF1EEAE4340	Margelliç	259	7	\N
0101000020E6100000E3A59BC4204034405B423EE8D9B44340	Morto	260	5	\N
0101000020E6100000D26F5F07CED93440A167B3EA73D54340	Yanya	261	9	\N
0101000020E6100000FA7E6ABC74933440022B8716D9BE4340	Aydonat	262	7	\N
0101000020E61000008FE4F21FD24F3440772D211FF4CC4340	Filât	263	7	\N
0101000020E61000000C93A9825159344088F4DBD781E34340	Çamanda	264	5	\N
0101000020E61000002EFF21FDF6A53440D50968226CE04340	Zitza	265	5	\N
0101000020E6100000E09C11A5BDC13440F54A598638064440	Koniçe	266	7	\N
0101000020E61000000D71AC8BDB98344041F163CC5D134440	Lezkovik	267	7	\N
0101000020E6100000F9A067B3EAF3344094F6065F98FC4340	Laista	268	5	\N
0101000020E6100000D881734694C634403A92CB7F48EF4340	Zagori	269	6	\N
0101000020E61000004FAF9465882334405227A089B0094440	Ergiri	270	8	\N
0101000020E6100000454772F90F193440E09C11A5BDF94340	Delvine	271	7	\N
0101000020E61000006FF085C954013440F2D24D6210F04340	Sarande	273	6	\N
0101000020E6100000D200DE02095A3440A089B0E1E91D4440	Premedi	274	7	\N
0101000020E6100000BE9F1A2FDD04344012143FC6DC254440	Tepedelen	276	7	\N
0101000020E61000002DB29DEFA7E63340F0A7C64B37194440	Kurveleş	277	7	\N
0101000020E6100000CA54C1A8A4BE334005A3923A010D4440	Himare	278	6	\N
0101000020E6100000211FF46C567D334088855AD3BC3B4440	Avlona	279	7	\N
0101000020E6100000431CEBE2363A3440B8AF03E78C404440	İskarapar	280	7	\N
0101000020E6100000C1CAA145B6F33340EE7C3F355E5A4440	Berat	281	8	\N
0101000020E61000008638D6C56DB433401B0DE02D90784440	Loşna	282	7	\N
0101000020E6100000FCA9F1D24D8234403BDF4F8D972E4440	Fraşer	285	6	\N
0101000020E6100000C1CAA145B63335406891ED7C3FE54340	Meçova	283	7	\N
0101000020E6100000757632384A6E3440666B7D91D00A4440	Voştine	284	7	\N
0101000020E6100000EECEDA6D172A3C402A91442FA3344240	Tiryanda	306	5	\N
0101000020E61000000F4757E9EE2E3640213D450E11F14340	Alasonya	286	7	\N
0101000020E61000002F8DBA31984E3B4041C4BC7D0C344440	Karabiga	315	6	\N
0101000020E6100000448B6CE7FB393C409B559FABAD384240	Rodos	301	9	\N
0101000020E6100000AC8BDB68007F3A40A323B9FC87AC4440	Dimetoka	99	7	\N
0101000020E6100000F1B8A81611113940213D450E11F14340	Kastro	287	8	\N
0101000020E6100000304CA60A46353A402041F163CC9D4340	Kalonya	289	6	\N
0101000020E61000000E901E752A3F3B4086E28E37F91C4440	Biga	317	7	\N
0101000020E61000001E166A4DF3EE3940857CD0B359954340	Herse	291	6	\N
0101000020E61000008B5242B0AA2A3A40DFC2BAF1EEAE4340	Moluva	292	7	\N
0101000020E6100000CBA145B6F38D3A4012A5BDC1178E4340	Midilli	293	8	\N
0101000020E610000091ED7C3F355E3A40CC5D4BC8077D4340	Pilimar	294	7	\N
0101000020E610000061545227A0D9394024287E8CB99B4340	Sığrı	295	7	\N
0101000020E6100000A93F0CBE7A103B40BDA8DDAF02044440	Çan	318	6	\N
0101000020E6100000D93B48F4D79E3A40A13F7E80FFE74340	Bayramiç	319	6	\N
0101000020E6100000B515FBCBEE493B408A1F63EE5A724240	İstanköy	300	7	\N
0101000020E61000006744696FF0153C40CFF753E3A50B4240	Lindos	302	6	\N
0101000020E610000039454772F9BF3B401E166A4DF30E4240	Monolitos	303	5	\N
0101000020E6100000865AD3BCE3D43B401D5A643BDF1F4240	Kastaloz	304	6	\N
0101000020E61000004DF38E5374C43B408A8EE4F21FFA4140	Kattaviya	305	5	\N
0101000020E61000000DA661F888DC3B40F6285C8FC2FB4140	Lahaniya	307	5	\N
0101000020E61000000B24287E8C293C4021B0726891254240	Afandoz	308	5	\N
0101000020E61000006D567DAEB6223A406519E258172F4340	Sakız	310	8	\N
0101000020E6100000057A97416B1C3A400C34E900D2424340	Kardamil	311	6	\N
0101000020E6100000E2B43BFFD1EE39400AED41AD0E3E4340	Viliso	312	6	\N
0101000020E61000008BD35AE2120D3A40B88F81E1011E4340	Kiremitli	313	6	\N
0101000020E61000009A9C35D318603A4005C1E3DBBB8A4340	Ayasu	314	6	\N
0101000020E61000001672005878B83A404A11740F64304440	Çardak	320	6	\N
0101000020E610000046555DD1F79C3A409654127E4E1E4440	Bergas	322	6	\N
0101000020E6100000D79C28AECF553A408F4A56EAFE014440	Erenköy	323	6	\N
0101000020E6100000189238D0E83D3A4068B51BD885FD4340	Kumkale	324	6	\N
0101000020E610000086CB2A6C06463A4044A33B889DF14340	Pınarbaşı	325	5	\N
0101000020E6100000DBFAE93F6B583A40AFE364879DE44340	Ezine	326	7	\N
0101000020E61000001763601DC7673A40DA098A7A1CCD4340	Ayvacık	327	7	\N
0101000020E610000005C3B98619563A400344C18C29BF4340	Behramkale	328	5	\N
0101000020E61000007883C366DBAE3A40642717BE192C4440	Lâpseki	321	7	\N
0101000020E61000007E1EEBAC1D043D4087F0F4915F834440	Üsküdar	21	7	\N
0101000020E6100000CF3D35A847483B40D809D40737244440	Dimetoka	316	6	\N
0101000020E6100000789CA223B93C3E40EDF549496A954440	Kefken	330	5	\N
0101000020E6100000B9196EC0E7473D402902412553544440	Yalova	333	6	\N
0101000020E61000007EACE0B7219E3D40EF1AF4A5B7584440	Karamürsel	334	7	\N
0101000020E6100000370C303DABB03E4046E39A4C268C4440	İncirli	335	6	\N
0101000020E6100000E78D93C2BCBB3E40C8F4DFDE90654440	Hendek	337	6	\N
0101000020E6100000AD1397E315A03E40179A907B5F574440	Akyazı	338	6	\N
0101000020E610000030116F9D7F673E4077C5E7A969634440	Adapazarı	339	7	\N
0101000020E6100000E7CB6669025C3E40CE31C5C14A5B4440	Arifiye	340	4	\N
0101000020E6100000211FF46C56453E400FF2D5E99B584440	Sapanca	341	6	\N
0101000020E610000062838593344B3E408FC0C4C48B404440	Geyve	342	7	\N
0101000020E6100000FA0AD28C454B3E40546353F87D444440	Köprü	343	4	\N
0101000020E61000006AB290CA5E7E3E40AADAC93BE2324440	Taraklı	345	6	\N
0101000020E610000056BF2DB3632E3F4053FD9474DE254340	Yalvaç	585	7	\N
0101000020E6100000D1C9F7318B033F4047167A0E760F4340	Gelendost	586	5	\N
0101000020E610000076A718139A123A40DE21E18CBAEA4340	Bozcaada	288	7	\N
0101000020E61000006DC5FEB27B1A4040083D9B559F234340	Kadınhan İstasyonu	649	4	\N
0101000020E6100000F2CD3637A6473F40AE11C138B8FC4240	Belceğiz	588	5	\N
0101000020E6100000B68BC45FEE3C3F40000EEBD7E7BB4240	Kesme	589	6	\N
0101000020E61000005DDC460378FB3E4061C3D32B65C94240	Karabavullu	590	5	\N
0101000020E61000008C0FB3976DFB3E40FE5A03006CBF4240	Bavullu	591	6	\N
0101000020E610000007509D58F1AB3D407CB779E3A4464240	Gömbe	592	7	\N
0101000020E6100000FDBCA94885EB3D40FB027AE1CE5D4240	Elmalı	593	7	\N
0101000020E6100000C63B1B4D89BB3D404CEB257CA5274240	Kasaba	594	5	\N
0101000020E6100000D412865C04333E401E02A2BB7F884240	İstanos	595	6	\N
0101000020E6100000391AD187780F3E403C32569BFF6F4240	Gilevgi	596	5	\N
0101000020E6100000ABF70AC160613F4077D09101450A4340	Şarkî Karaağaç	587	7	\N
0101000020E61000006EF7729F1C8F3B40097140A6104B4440	Marmara	346	6	\N
0101000020E6100000300DC347C4A03B40D6D52EB7C53A4440	Paşalimânı	347	6	\N
0101000020E610000007793D9814CB3B40F6FE507AF0324440	Erdek	348	7	\N
0101000020E61000002670EB6E9EDC3B4044842458C12B4440	Aydıncık	350	6	\N
0101000020E6100000E9C946318AA73B40A5CF5845C90C4440	Gönen	351	7	\N
0101000020E61000006B47718E3AAA3D40194EE3288A044440	Kurşunlu	393	5	\N
0101000020E61000004606B98B300D3E4058E8DE1EDF394440	Mekece	394	5	\N
0101000020E6100000E71E6D776AE73D404917F60F7DFF4340	Pazaryeri	395	6	\N
0101000020E61000001CEA77616BFA3D40E01DCF1DB3144440	Bilecik	396	8	\N
0101000020E6100000CA15DEE522063E401F84807C092E4440	Lefke	397	6	\N
0101000020E6100000BF04B86AE8503E4046DE286849244440	Gölpazar	398	6	\N
0101000020E61000007233DC80CFFF3D40FB9E477B720C4440	Küplü	399	6	\N
0101000020E61000000D8E9257E7083E406A4B1DE4F5F34340	Bozüyük	401	6	\N
0101000020E6100000AF0AD462F0243E40AC91B8228CE84340	İnönü	403	6	\N
0101000020E61000008D727A281B063E40A7B9CB34501F4440	Vezîrhan	405	5	\N
0101000020E6100000DD442DCDAD803E40E7165F590E024440	Mihalgazi	406	6	\N
0101000020E61000005DA8FC6B79853E40837C1A4174E34340	Eskişehir	407	7	\N
0101000020E610000012A5BDC117663E404FAF946588D34340	Gökçekısık	408	5	\N
0101000020E6100000C84109336D1B3E40EE81B1193BB34340	Alayunt	409	5	\N
0101000020E6100000DB334B02D4FC3D40A4445C4AA7B54340	Kütahya	410	8	\N
0101000020E610000059C0046EDD7D3D40033862D284C54340	Tavşanlı	411	6	\N
0101000020E6100000F4FDD478E9FE3C40D0F23CB83BB74340	Dağardı	412	6	\N
0101000020E610000002469737873B3D406CE9D1544FB44340	Eğrigöz	413	6	\N
0101000020E6100000BB61DBA2CC6A3D40FDF675E09C854340	Gedüz	414	7	\N
0101000020E610000028F38FBE49FB3C4053324AE18B8B4340	Simav	415	7	\N
0101000020E61000008E78B29B19393D402B6794D343834340	Şaphâne	416	5	\N
0101000020E6100000C56E449CF39E3D4089D2DEE00B994340	Çavdarhisâr	417	5	\N
0101000020E610000060200890A18B3D4066B15E5672A14340	Virancık	418	6	\N
0101000020E610000061DEE34C13B43E40B48295F9FDB84340	Seyidgazi	419	6	\N
0101000020E6100000EB2F05B529CC3E40C71CBA8F92AA4340	Bardakçı	420	5	\N
0101000020E61000000DB8F8252C0B3F40A40DD1329CB04340	Çifteler	421	5	\N
0101000020E6100000F38E537424BB3F408B8FAA8141D74240	Beyşehir	615	7	\N
0101000020E61000007FA1478C9E873E40DB745F2926A44340	Kırka	423	6	\N
0101000020E6100000B691A1197A9C3E400D439A67DB9A4340	Kümbet	424	5	\N
0101000020E61000007C5CC07053203E403D21E0B5F0874340	Altıntaş	425	6	\N
0101000020E610000076D2B139BDC13D4096630D72725E4340	İslâmköy	426	6	\N
0101000020E61000009D96C4FE57E83D40E3FA1CC4736B4340	Oturak	427	5	\N
0101000020E610000049980E42E5FA3D400D96A075436D4340	Dulumpınar	428	5	\N
0101000020E61000003EB2B96A9E893F40ED41AD0E25F64240	Kıreli	616	6	\N
0101000020E61000007D23BA675DB13F4014DDC4DA29F14240	Selkisaray	617	5	\N
0101000020E61000007BE0BE69551740400D0BFF3394E04240	Bulumya	618	5	\N
0101000020E61000009008D7EDFDAD3F408B05195CCE124340	Doğanhisâr	619	6	\N
0101000020E6100000D9C1D20A1DE93F40AA32422E27244340	Ilgın	620	7	\N
0101000020E61000003B014D840DB73F40E536D03241254340	Argıthan	621	6	\N
0101000020E6100000862EF2FCB3CC3F401ACC159458824340	Cihânbeyli	623	6	\N
0101000020E61000005C8A50114CA83F40AEA5DB6D722D4340	Azarköy	624	5	\N
0101000020E610000087C43D963E1C404025DE4B2BCF1E4340	Kadınhan	625	5	\N
0101000020E6100000655012B7AF764040E3738291F2534340	İnevi	626	6	\N
0101000020E6100000F3CF679B76624040023164D064594340	İnsuyu	627	5	\N
0101000020E610000085814298366F404007DCA96F4F274340	Zıvarık	629	5	\N
0101000020E6100000452921585535404087A3AB7477F74240	Sille	631	6	\N
0101000020E6100000728A8EE4F2374040C1A8A44E40EB4240	Meram	632	5	\N
0101000020E61000007A0C457012BD3D4038E22428D9C24240	Kayadibi	570	5	\N
0101000020E6100000BC7DB1529CD83B4072DC291DAC134440	Kazaklı	352	5	\N
0101000020E61000001B0E4B033F943B40E902A8F3F2DF4340	Balya	353	7	\N
0101000020E61000001F679AB0FD043B40D1798D5DA2CB4340	Edremit	355	7	\N
0101000020E6100000E4C0ABE5CED63A40DE228B8FAAB14340	Gömeç	357	5	\N
0101000020E61000000FBA84436FB13A40194EE3288AA84340	Ayvalık	358	7	\N
0101000020E6100000EE96E4805DA93A40450E1137A7AA4340	Moshonya	359	6	\N
0101000020E6100000B0FECF61BE603B400F8F0E59EEAC4340	Ürkütler	360	5	\N
0101000020E6100000355EBA490C223C40E4A3C519C3B14340	Bigadiç	362	7	\N
0101000020E6100000981936CAFA2D3C408B10C3B3A99E4340	Sındırgı	363	7	\N
0101000020E6100000F845538726A03C408ABB3088FECA4340	Balat	364	6	\N
0101000020E61000002713B70A62283C40A692A6E617D84340	Kepsut	365	5	\N
0101000020E6100000EA95B20C71F83B408C7D6E0D11064440	Manyas	369	6	\N
0101000020E6100000CC7F48BF7DED3A40B354281C8BCA4340	Akçay	371	5	\N
0101000020E6100000E4BCFF8F13AE3A4041649126DEC94340	Narlı	372	5	\N
0101000020E61000001E51A1BAB95C3C40DBE10A838D1B4440	Mihaliç	373	7	\N
0101000020E610000009490B3C9C673C402EC55565DF044440	Kirmasti	374	7	\N
0101000020E61000004E79196AB9FC3C40754F68A384F34340	Edrenos	375	7	\N
0101000020E6100000FE7F9C3061F43C40B05417F032F24340	Serçeler	376	5	\N
0101000020E61000003DD68C0C722B3E407A596EC4EE404440	Akhisâr	344	6	\N
0101000020E6100000D784B4C6A0273D40FB41B85DC3D64340	Harmancık	377	6	\N
0101000020E6100000CB3B3DA539843C407E48090B381E4440	Issız Han	380	5	\N
0101000020E61000002B7B5C65B7BE3C405FB7088CF5164440	Akçalar	381	5	\N
0101000020E6100000191BBAD91FCC3C409F8EC70C54324440	Trilye	383	6	\N
0101000020E6100000E33213B12D283D407DE1DFB1E9364440	Gemlik	384	7	\N
0101000020E610000077F4BF5C8B1A3D40B0E18EDC3F3C4440	Kumla	385	5	\N
0101000020E6100000B09EA40A90D43C405C59A2B3CC414440	Armutlu	387	5	\N
0101000020E610000045BDE0D39CB83D408D69013510374440	İznik	389	6	\N
0101000020E6100000E1EB10A4F7A63D40876643A3E0214440	Yenişehir	390	7	\N
0101000020E61000009430D3F6AF9C3D407AE40F069EE64340	Domaniç	392	6	\N
0101000020E610000025CC636FFB053D40407C2F6DB5194440	Çekirge	388	5	\N
0101000020E61000007C6878B627ED3C4069A64558812D4440	Mudanya	382	7	\N
0101000020E6100000D4B1792F86E23B40C8CEEE4497D24340	Balıkesir	367	8	\N
0101000020E610000032F7D18A313E4040E6E1EC0038F04240	Konya	630	9	\N
0101000020E61000000744882B671F3E40B3846BA45B704340	Küçükköy	429	5	\N
0101000020E61000005322895E46693D4006D49B51F3554340	Uşak	431	7	\N
0101000020E6100000D4B1EF2F274D3D40B3CCC75AE8354340	Göbek	433	6	\N
0101000020E6100000B8E287EF69B33D400CAEB9A3FF3F4340	Sivaslı	434	5	\N
0101000020E610000031957EC2D9BD3D40F5D48FF238264340	Çivril	435	5	\N
0101000020E610000012DC48D922D93D40CFF57D3848294340	Şeyhli	436	6	\N
0101000020E61000000AEAA5738FFE3D40E8A969728C104340	Sütlaç	439	5	\N
0101000020E610000058A9A0A2EA453E4042791F47733B4340	Sandıklı	440	7	\N
0101000020E610000033DDEBA4BE403E40CE418644905F4340	Sinânpaşa	441	6	\N
0101000020E6100000AA0A0DC4B2553E4003C7AF69EF654340	Balmahmûd	442	5	\N
0101000020E6100000CAE2FE23D3813E401AF78B7ED9774340	Gazlıgöl	443	5	\N
0101000020E6100000B849FBD5D28A3E40C4E1163D01614340	Afyonkarahisâr	444	8	\N
0101000020E61000001C23D923D48C3E40D253E41071444340	Şuhûd	445	6	\N
0101000020E6100000DC26817280093F40764C82DCEA4B4340	Çay	446	5	\N
0101000020E6100000FB230C03963C3F40E0803BF5ED434340	İshâklı	447	6	\N
0101000020E6100000BA4DB857E60D3F40AFE710DD585B4340	Bolvadin	448	7	\N
0101000020E6100000BE310400C72A3F409C60490389824340	Musluca	449	7	\N
0101000020E610000033897AC1A7DD3E40BA707BDD7D944340	Hüsrev Paşa Han	450	5	\N
0101000020E61000007F8D7FFA2AC83A40EA4ABA1C659C4340	Ayazmend	451	6	\N
0101000020E61000006FBA6587F8173B40E0A128D027A04340	Kozak	452	6	\N
0101000020E6100000FBC9181F662B3B40CA9EA97C748D4340	Bergama	453	7	\N
0101000020E610000013E85D06ADE53A40B0B8EE9C1C894340	Dikili	454	6	\N
0101000020E610000048591A530BF03A40D1031F8315774340	Çandarlı	455	6	\N
0101000020E61000008E3F51D9B0123B4056B950F9D77B4340	Kilise	456	6	\N
0101000020E610000040BE840A0E633B404C5B1256198B4340	Nevâhi-i Bergama	457	6	\N
0101000020E61000009DF529C764593B40EC3EB61B33974340	Ilıca-ı Bergama	458	6	\N
0101000020E610000019390B7BDA053B40F1924957FA624340	Güzelhisâr	459	5	\N
0101000020E61000001D3BA8C475083B4056174BEC35554340	Buruncuk	460	5	\N
0101000020E61000003DD7F7E120C13A40A69C2FF65E554340	Foçateyn	461	7	\N
0101000020E6100000575BB1BFECD63A40F77EFED6A95E4340	Foça	462	6	\N
0101000020E610000079E9263108143B401F23EA4F2C4D4340	Menemen	463	7	\N
0101000020E6100000B282DF86186B3B40B45483D5FD364340	Nif	466	6	\N
0101000020E61000009E279EB305243B40359078C3C7294340	Gaziemir	467	4	\N
0101000020E6100000BB0B941458843D400740DCD5AB924240	Gölhisâr	571	6	\N
0101000020E6100000DC9C4A0680D23D40AC47D04EBC834240	Söğüt	572	5	\N
0101000020E6100000338573B279C73D40A893C72EACA74240	Tefenni	573	7	\N
0101000020E610000061B47D7ECE0F3E401A9C2DC5FAAC4240	Kemer	574	6	\N
0101000020E610000034677DCA31493E407EFCA5457DDC4240	Burdur	575	8	\N
0101000020E61000003CC1FEEBDC883E40EED7536122D34240	Ağlasun	576	5	\N
0101000020E6100000F8AAF0C231F23D40821145926AD94240	Çardak	577	5	\N
0101000020E6100000B87361A4178D3E40B0308EDB79E34240	Isparta	578	8	\N
0101000020E6100000AE9B525E2B4D3E403E096CCEC1F84240	Keçiborlu	579	6	\N
0101000020E61000005F268A90BA733E40E27E7676E8094340	Uluborlu	580	7	\N
0101000020E61000005F9A22C0E9D93E40550ACBE9FCEF4240	Eğirdir	581	7	\N
0101000020E610000007A6892DF3CA3E40E84020E1C5014340	Barla	582	6	\N
0101000020E61000002ECBD765F88D3E4013BB1171CE0D4340	Senirkent	583	6	\N
0101000020E6100000BA6180E959FB3E4094DA8B683B294340	Gondani	584	5	\N
0101000020E61000005CBE3FEFD7FC3D405D4CD823791F4240	Mira	597	5	\N
0101000020E61000009B8015962E473B4064FBDA4477AE4240	Yoranda	531	5	\N
0101000020E6100000E08618AF79253E4006F7031E18274240	Finike	598	6	\N
0101000020E6100000B3C2E3912E863E40F903D48A25404240	Tekfûrova	599	5	\N
0101000020E6100000ADFC321823B63E405A42E32E67724240	Antalya	601	8	\N
0101000020E61000005D50DF32A7833E4096671481A0824240	Yenice Kahve	602	5	\N
0101000020E610000079EBFCDB65733E40B997EAB8D0A64240	Kızılkaya	603	6	\N
0101000020E61000000C59DDEA39993E408109DCBA9BBA4240	Bucak	604	5	\N
0101000020E610000024D236FE44E53E4073501D064EB94240	Çandır	605	5	\N
0101000020E610000013584AE0202B3F40EE3AC0385D774240	Belkıs	606	5	\N
0101000020E6100000F380689C3C753F4037F28AF1AB644240	Pazarcı	607	6	\N
0101000020E6100000E6ECF88AC9074040B2A778B70D434240	Alaiye	608	7	\N
0101000020E61000007875334866CA3F407396FECAEF854240	Marulya	609	7	\N
0101000020E610000037B34C75B7953F40F8AE9C18ED894240	İbradi	610	6	\N
0101000020E610000070010DDBBB7B3E401A97BBE01D354240	Deliktaş	600	5	\N
0101000020E61000002474E151742C40406600039C39CB4240	Hatunsaray	634	6	\N
0101000020E6100000515B34AEC9444040D43142D36DDE4240	Çarıklar	635	5	\N
0101000020E610000052103CBEBD854040BD81131B3DDC4240	İsmil	636	5	\N
0101000020E610000023426D65D3C54040F67EA31D37DB4240	Karapınar	637	7	\N
0101000020E61000008EB0A888D3C540405F4EBFFA2E204340	Sultanhan	638	5	\N
0101000020E610000057AB1B94D559404048AA4AB615A14240	Armusun	640	5	\N
0101000020E6100000CFA67E390E7B40400F046D173F9D4240	Gaferiyat	641	6	\N
0101000020E6100000C5ABAC6D8A9B404009A93693CA974240	Karaman	642	7	\N
0101000020E61000004A41B7973492404079AF5A99F0B74240	Madenşehir	643	5	\N
0101000020E6100000C898BB9690CF40404DF38E5374BC4240	Ambar	645	5	\N
0101000020E61000002D735F73B3B24040E6A26B706C864240	Ağin	647	5	\N
0101000020E61000009F909DB7B1F94040D23AAA9A20CB4240	Bektik	648	5	\N
0101000020E61000000E2DB29DEFE740404D840D4FAFA44240	Divle	650	6	\N
0101000020E61000003CC49A255C6B3B40F5D6C05609E14240	Söke	530	7	\N
0101000020E6100000CFBD874B8E9640401DD2037A3C124340	Obruk	651	5	\N
0101000020E6100000B11303C9E0014140C75E9445062F4340	Aksaray	652	7	\N
0101000020E61000005B24ED461F19414000E5EFDE517B4340	Kesikköprü	653	5	\N
0101000020E6100000C0E95DBC1F2F414051FB08579B234340	Gelveri	654	5	\N
0101000020E61000002E1F49490F5E4140C72C7B12D82F4340	Melegûbi	655	5	\N
0101000020E61000004B60CEC710504140D4B5F63E555F4340	Arabsun	656	7	\N
0101000020E610000020240B98C0744140C0666FDF59514340	Ürgüp	657	7	\N
0101000020E61000005E81E84999474140CE0B660234F24240	Bor	661	7	\N
0101000020E6100000EAE1708B9E203B401E19ABCDFF284340	Seydiköy	468	6	\N
0101000020E610000028D53E1D8FC53A40AB819CE6D3294340	Urla	469	7	\N
0101000020E6100000DF28C302A9603A40C85CBE9AA8254340	Alaçatı	470	6	\N
0101000020E6100000BAC95EA5714E3B40AEFD5360B7D44240	Samsun Kale	532	5	\N
0101000020E6100000D0645AF67F473B40264B523EA9C14240	Balat	533	5	\N
0101000020E610000086A52666628B3B40733CB02D4DB84240	Bafa	534	5	\N
0101000020E610000098744AF6BE993B40FF2B8606BDEF4240	Değirmencik	535	6	\N
0101000020E610000048B42E7FCFB53B401DFBFE72D2E14240	Subice	536	6	\N
0101000020E6100000B1146E9E8FD53B4006802A6EDCEB4240	Aydın	537	8	\N
0101000020E6100000FFC48C6529283E40EACF64B556084340	Dinar	437	6	\N
0101000020E6100000190F2CCA05263B40DE56C1933B384340	Punta	465	4	\N
0101000020E6100000184ADC195CF73B40CA1242ACA3CC4240	Arabhisâr	538	5	\N
0101000020E610000056F54DF5BF0F3C40F1FDC34C91CE4240	Kıroba	539	7	\N
0101000020E6100000B2A03028D3103C40602B572E0AC54240	Çine	540	5	\N
0101000020E6100000D0D556EC2F073C403F6EBF7CB2C04240	Akçaabad	541	5	\N
0101000020E6100000EC8497E0D44F3C407EB1529CFED54240	Bozdoğan	542	7	\N
0101000020E61000001BD47E6B27023C40F3F9CD69BBE54240	Karahayıt	543	6	\N
0101000020E6100000474D0526810D3C408597E0D407ED4240	Köşk	544	6	\N
0101000020E6100000C878944A78283C40D1A11D8189F14240	Sultânhisâr	545	6	\N
0101000020E6100000C7CBE4E5FA363C40FB42233372F14240	Akçe	546	6	\N
0101000020E6100000D6AA5D13D2323C4085CC9541B5E94240	Yenipazar	547	6	\N
0101000020E61000006627CD30FF523C40CCCFB29366F44240	Nazilli	548	7	\N
0101000020E6100000AF05627E139B3C40B8A3497375DD4240	Karacasu	549	7	\N
0101000020E6100000656EBE11DD973C409F3E5D386BF54240	Kuyucak	550	6	\N
0101000020E61000009BA26D4617BD3C40EAF1D65471FB4240	Ortakçı	551	5	\N
0101000020E61000002738503B57953B40EC40E77F03A44240	Asınkale	552	5	\N
0101000020E61000003DDA931BA0993B404FF11362899E4240	Güllük	553	5	\N
0101000020E610000005323B8BDE933B402077B6ECB5904240	Güvercinlik	554	5	\N
0101000020E6100000D95C35CF11C93B403D2B69C537A84240	Milas	556	7	\N
0101000020E61000004784903D8C223C40B92F0CFDB8A54240	Bozüyük	557	6	\N
0101000020E610000081E3D7B4F75C3C40A8A4F386A09B4240	Muğla	558	8	\N
0101000020E6100000744694F6065F3C40586FD40AD3864240	Gökabad	559	5	\N
0101000020E610000074B33F506E6B3C4016647039038D4240	Ula	560	6	\N
0101000020E61000008E23D6E253463C40EFE192E34E6D4240	Marmaris	561	7	\N
0101000020E610000095B6B8C667AA3B40E31698BAD05E4240	Dadya	562	5	\N
0101000020E61000004C27C8BE1AB43C403965C977847B4240	Yüksekkum	563	7	\N
0101000020E6100000EAA5738FB6CF3C409C22765C43624240	Dalaman	564	5	\N
0101000020E61000004EB91D75CF1F3D40166A4DF38E504240	Mekri	565	7	\N
0101000020E6100000D3F6AFAC34493D40BEA1F0D93A3A4240	Kesteb	566	6	\N
0101000020E610000007AC66E77E523D4064B6BF0EF72C4240	Kınık	567	5	\N
0101000020E6100000FAB9A1293B653D401788F94DBC464240	Döğer	568	5	\N
0101000020E61000003B996EC8F5773D404DDC2A8881234240	Bezirgan	569	5	\N
0101000020E61000006DCA15DEE54E3A40B14170A653294340	Çeşme	471	7	\N
0101000020E610000035F0A31AF6C93A40026D0613DA184340	Sıcacık	472	6	\N
0101000020E610000098F1006086D63A404098254BF7184340	Seferihisâr	473	7	\N
0101000020E610000066F9BA0CFF493B4098BB3BD79C1E4340	Trianda	474	6	\N
0101000020E61000002E7C3320315E3B40E69B23E131134340	Torbalı	475	6	\N
0101000020E6100000A32F73709F673B40E3344415FE0A4340	Celâd	476	5	\N
0101000020E6100000029F1F46086F3B4073D6A71C93034340	Kozpınar	478	5	\N
0101000020E610000022FAB5F5D3433B40CBA20B4515EE4240	Kuşadası	479	7	\N
0101000020E6100000E7FBA9F1D2613B408E1C8E5319F14240	Azîziye	480	5	\N
0101000020E61000001D3EE94482813B405B57714FFCF14240	Balatçık	481	5	\N
0101000020E6100000E6ADBA0ED5B83B402DE8BD3104164340	Çatal	483	5	\N
0101000020E6100000580053060EBC3B4012407B3F7F0B4340	Tire	484	7	\N
0101000020E61000004CFBE6FEEA353C4045076EEEF90A4340	Balyambolu	485	6	\N
0101000020E61000002A58E36C3A363C40CF215FF8771D4340	Keles	486	6	\N
0101000020E610000027C1768B1BFA3B40EB353D28281D4340	Ödemiş	487	7	\N
0101000020E6100000B59F3138EF103C4097B1FC5470204340	Birgi	488	6	\N
0101000020E610000058ACE122F7D83B405378D0ECBA964340	Gelenbe	490	6	\N
0101000020E6100000FDA4DAA7E3AD3B401ECF1DB3A28D4340	Kırkağaç	491	7	\N
0101000020E610000012C3691C45AD3B40060A61DADC7E4340	Palamut	492	6	\N
0101000020E610000035EF384547BE3B401F9D5F39E76E4340	Kapaklı	493	5	\N
0101000020E61000006FF3C649616C3B407604CB6CEB4E4340	Manisa	494	8	\N
0101000020E6100000964B998A43923B40FBFC9C2743494340	Çobanisa	495	5	\N
0101000020E61000004F80176CD9D43B401CBC653D6B2B4340	Dağmarmaris	497	6	\N
0101000020E6100000EB52C83AC1EF3B40B287516BF5414340	Ahmedli	498	5	\N
0101000020E6100000CCFCB49B2A0B3C40079046AA943F4340	Sart	499	5	\N
0101000020E61000001C08C90226223C4065AFD2382F3E4340	Sâlihli	500	7	\N
0101000020E610000089096AF816863C401DCDEC4ED22C4340	Âlâşehir	501	7	\N
0101000020E6100000FDA94C8CC0B13C4074FC06DCA91E4340	İnegöl	502	6	\N
0101000020E6100000EFA18ED838DE3C40A04E1EBBB0314340	Güneyköy	503	5	\N
0101000020E6100000CA0281295EFA3C4029B91EE0A4284340	Yürükköy	504	5	\N
0101000020E610000000E1438996F83C400F7EE200FA324340	Elvanlar	505	5	\N
0101000020E61000008D5E0D501AFA3C40725E526B50394340	Takmak	506	7	\N
0101000020E6100000E6BB4A2D4A373D40CBEE6E0AD0364340	İnay	507	5	\N
0101000020E61000003369F8BB1CA53C404BBC4DC983454340	Kula	508	7	\N
0101000020E61000004A8D1A5DEF6C3C40D0F643C7693B4340	Mendehora	509	6	\N
0101000020E61000005649641F64453C409DFCCC0F124A4340	Adala	510	6	\N
0101000020E61000004EE4935F50EC3B40B18284CDA55A4340	Gölmarmara	511	6	\N
0101000020E61000000A6AF816D6493C4080290307B4774340	Gördes	513	7	\N
0101000020E61000004F4C288E4D783C4076AA7CCF48604340	Borlu	515	6	\N
0101000020E610000067FD1CD59FDD3C40FC1873D7125F4340	Selendi	516	6	\N
0101000020E6100000C5E6E3DA50A33B406A45E570F7344340	Parsa	517	5	\N
0101000020E6100000DA8D3EE603663D40D04543C6A30A4340	Demirci	518	7	\N
0101000020E6100000ABF303B232113D4058FA754C82134340	Güney	519	6	\N
0101000020E61000009F292AD148D63C407E344179C4054340	Buldan	520	7	\N
0101000020E61000004E10D0D8F2ED3C40E2E24D23D2F54240	Sarayköy	521	7	\N
0101000020E6100000E0D74812849B3D40A16C25CF50FD4240	Dedeköy	522	6	\N
0101000020E610000050F97C3958163D4056FE6B2F58E44240	Denizli	523	8	\N
0101000020E6100000D00EB8AE981D3D407EB72F568AEC4240	Goncalı	524	5	\N
0101000020E6100000635E471CB2453D40EF0C09CECFE04240	Honaz	525	6	\N
0101000020E610000093DB9B8477683D40794ABD5DE5C04240	Karahöyükpazarı	526	5	\N
0101000020E6100000BCD9D59A9C5A3D407CB779E3A4B64240	Acıpayam	527	7	\N
0101000020E61000002A53CC41D0D93C40F6CBCC7113B94240	Tavas	528	5	\N
0101000020E61000001349F4328A113D40AD46C03280C94240	Yarangüme	529	7	\N
0101000020E61000006214048F6F3A40405481A499387E4240	Hadim	611	7	\N
0101000020E61000008137EEDE9B684040E27899BC5C7D4240	Aladağ	612	6	\N
0101000020E6100000FAD51C20981F4040615BF56F4D984240	Siristad	613	7	\N
0101000020E6100000D57F31B66BD93F402FF99FFCDDB54240	Seydişehir	614	7	\N
0101000020E61000008FAA2688BA634140CDAFE600C11C4340	Misli	658	6	\N
0101000020E6100000273108AC1C5A41403F355EBA491C4340	Hasa	659	5	\N
0101000020E6100000B88FDC9A745741400F15996F33FC4240	Niğde	660	8	\N
0101000020E61000000F45813E912E4140FA522E43D2354340	Hacib	662	5	\N
0101000020E6100000EC6B5D6A843641405308E41247314340	Nenezi	663	5	\N
0101000020E6100000C478CDAB3A9B3B4030911CFA38984340	Soma	489	7	\N
0101000020E610000080160104623D41409296259584C64240	Ulukışla	664	5	\N
0101000020E61000009DD9AED0076341402CBCCB457CC14240	Çiftehan	665	5	\N
0101000020E6100000FF00101C3C504140EC51B81E85B94240	Bulgar Maden	666	7	\N
0101000020E61000004BA0D2D2268B4140FC6D4F90D80D4340	Enehil	668	5	\N
0101000020E6100000A848CF3EA05B41406B9505B8C54F4340	Nevşehir	669	7	\N
0101000020E6100000B6476FB88F284040B82EEBB424234240	Selinti	670	6	\N
0101000020E6100000198F52094F6B40405898744AF6094240	Çorak	671	7	\N
0101000020E61000003969D086B2A94040ADF71BEDB8124240	Gilindire	672	7	\N
0101000020E6100000FFE89B340DF24040FA788D02E9284240	Aklimân	673	5	\N
0101000020E610000036035C902D1E4140D70D805DF2464240	Lemos	674	6	\N
0101000020E610000005A8041FDEF640402299C40F84304240	Silifke	676	8	\N
0101000020E610000059F96530467240401F9D5F39E7514240	Ermenek	677	7	\N
0101000020E610000019C6DD205ABD4040CD74AF93FA424240	Karadiken	679	5	\N
0101000020E61000001A16A3AEB5B34040D8AC44EA872B4240	Anaypazarı	680	6	\N
0101000020E610000070EB6E9EEAC4404029B000A60C394240	Zeyne	681	5	\N
0101000020E6100000A2CCABDFF1D24040A8B7F589F22B4240	Gökbelen	682	5	\N
0101000020E61000006876DD5B91F640401D91EF52EA4A4240	Uzuncaburc	683	5	\N
0101000020E6100000529D0E643DEF40404D86E3F90C5D4240	Mara	684	5	\N
0101000020E61000005AA0DD21C56F41400C303DAB16B64240	Pozantı	686	7	\N
0101000020E6100000E0B99CB756624140982721A2E2A04240	Gülek	687	6	\N
0101000020E610000060915F3FC44C4140998F5A176D954240	Nemrun	688	6	\N
0101000020E61000008AF2BB9F097241400F11926005754240	Tarsus	689	6	\N
0101000020E61000000531D0B52F51414025146C6D2B674240	Mersin	690	8	\N
0101000020E610000041892A57D32E41406331A0CD60564240	Tömük	691	6	\N
0101000020E6100000D04543C6A3AA41405D6A29C5337E4240	Adana	692	9	\N
0101000020E6100000AB21718FA5B1414057E2A6ABE0484240	Karataş	693	6	\N
0101000020E6100000DB2626B90D88414030F7240BF3A04240	Karaisalı	694	7	\N
0101000020E6100000F7C209F1ED7E4140B389DD8838EA4240	Bereketlimaden	695	7	\N
0101000020E610000041AC4896DDBF4140706715EC75654240	Yahşi	696	5	\N
0101000020E61000002AAA7EA5F3CF4140516452E8617B4240	Misis	697	6	\N
0101000020E6100000CFD8976C3CD04140A7ABE05C68AE4240	Sırkıntı	698	6	\N
0101000020E61000000B838D4699E94140DAECA3AE10BB4240	Sis	699	8	\N
0101000020E6100000ABAFAE0AD4F441407A50508A56E84240	Feke	700	7	\N
0101000020E6100000F2892B1D620B42400F5FCBD01DFE4240	Haçin	701	7	\N
0101000020E6100000AD4D637B2D0C42401044712255AF4240	Kars Zülkadriye	702	7	\N
0101000020E6100000FC19DEACC129424075E44867602A4340	Şar	703	5	\N
0101000020E6100000DA0EFC5EF90A42403568435953F44240	Gürleşen	705	5	\N
0101000020E61000004E0350D6B9174240D9D6AAB8CC964240	Bodrum	706	5	\N
0101000020E61000000E40B4A0410E42404E79196AB9944240	Tecirli	707	6	\N
0101000020E6100000A7165B52FFE54140E4EA11B413634240	Ayas	708	7	\N
0101000020E610000013B9E00CFEE8414089AB144C46834240	Yarsuvat	709	5	\N
0101000020E61000003881E9B46EF14140EF0B9EF820764240	Kurtkulak	710	5	\N
0101000020E61000003843BB54B6424240B6B1231F05664240	Hassa	712	7	\N
0101000020E61000008EE6C8CA2F3742401A0E959059864240	Yarpuz	716	8	\N
0101000020E610000027A5A0DB4B4A4240F74A6AB290994240	Bahçe	717	7	\N
0101000020E61000002EA23726D55E4240AB306C83C9964240	Gavûrdağı	718	5	\N
0101000020E6100000A4A99ECC3F4440409C9A159BA0784440	Viranşehir	738	5	\N
0101000020E6100000E0CB8E9E6C203F40EE77280AF48A4440	Akşehir	719	6	\N
0101000020E610000099976835C90C3F40B4B4AE2C2C724440	Çilimli	720	5	\N
0101000020E61000000EF3E505D8273F40F056F1A19F734440	Üsküb	721	5	\N
0101000020E6100000817C09151C2A3F4093F5E516046C4440	Düzce	722	7	\N
0101000020E6100000BE33DAAA24363F402F192202693B4440	Mudurnu	724	7	\N
0101000020E61000002D2059654B9B3F405E9F39EB535E4440	Bolu	725	8	\N
0101000020E610000023E7B3F2811A4040D2DF4BE141664440	Gerede	726	7	\N
0101000020E6100000071104238A17404050560C5707774440	Pazarköy	727	6	\N
0101000020E6100000563BD400EFF43F401618B2BAD59B4440	Devrek	728	7	\N
0101000020E6100000A3ACDF4C4C633F40863AAC70CB964440	Alaplı	729	5	\N
0101000020E6100000BFD2F9F02C6D3F4045A56CEC6DA34440	Ereğli	730	6	\N
0101000020E610000024253D0CAD0A4040174E2DB6A4B64440	Çarşamba	731	6	\N
0101000020E6100000283B472E490340407DE31016BAC74440	Filyos	732	5	\N
0101000020E610000015E06014A9084040483D9F5CAEBD4440	Çomranlı	733	5	\N
0101000020E6100000B6C3BA4CA82B40408DD6AC8E77D04440	Bartın	734	7	\N
0101000020E6100000A5F3E159823140404D63207475DF4440	Amasra	735	6	\N
0101000020E610000060764F1E16DA4140DDB5847CD0E34240	Tahtaköprü	704	5	\N
0101000020E61000002AC6F99B505C40402C9ACE4E06EC4440	Kurucaşile	736	5	\N
0101000020E610000023DD2AE33A4D4040A9A44E4013704440	Bayındır	739	6	\N
0101000020E61000001D27E03202534040207821C2646F4440	Hamamlı	740	5	\N
0101000020E6100000ADFFCE51A2724040F2182F27B2684440	Çerkeş	741	7	\N
0101000020E61000008C2D0439286640400C6CDFED8B9C4440	Yörük	743	5	\N
0101000020E61000001A18795913A54040D767CEFA943D4440	Şabanözü	744	6	\N
0101000020E61000004006E1C09AB34040896B6BFAA2364440	Mart	745	5	\N
0101000020E6100000ADAD8ED25BCF4040E1E93AF9994C4440	Kengiri	746	8	\N
0101000020E610000048D7F10467ED4040EAF8799D1E464440	Ovacık	747	5	\N
0101000020E610000049303086CDD34040B7D49C1782734440	İnköy	748	5	\N
0101000020E6100000C350E2CEE0D04040A8B118D066764440	Koçhisâr	749	6	\N
0101000020E610000053B3075A81A1404005EA831BDF6B4440	Karacaviran	750	6	\N
0101000020E61000001E1E1DB2DCE340408C039E6AE3604440	Yapraklı	751	5	\N
0101000020E6100000083BC5AA4158404081E3D7B4F79F4440	Safranbolu	752	7	\N
0101000020E61000003CB54478C57A40405B3920AE41B64440	Eflani	753	6	\N
0101000020E61000005B61FA5E43524040931337B8BECA4440	Ulus	754	6	\N
0101000020E61000009C7D2FCF94474040093C8B3963C24440	Abdipaşa	755	5	\N
0101000020E6100000684F13C7CB914040BF1072DEFF9C4440	İğdir	756	6	\N
0101000020E610000009EEF60FD8A94040F65503DE139F4440	Araç	757	7	\N
0101000020E61000000814FB157CBB4040B438639813BD4440	Daday	758	7	\N
0101000020E6100000FCF4E9C259DE40400D7A257FE6B94440	Göl	759	6	\N
0101000020E610000049FA0F4471814040271D9BD31BF24440	Cidde	760	7	\N
0101000020E61000009EB29AAE27E24040248E869D73FD4440	İnebolu	761	7	\N
0101000020E61000001B9B1DA9BE124240C4550A26A3884240	Toprakkale	713	5	\N
0101000020E610000079E8BB5B59DB404077627BD22EE74440	Küre	762	6	\N
0101000020E61000004001CA9530DC4040F8544E7B4ACF4440	Seydiler	763	5	\N
0101000020E61000006FF607CA6DEB4040A153EB5800CD4440	Devrekani	764	6	\N
0101000020E610000075745C8DEC1B414035B401D880C14440	Taşköprü	765	7	\N
0101000020E61000005FEC4341D81A4240840B227F28624240	Payas	711	6	\N
0101000020E61000005B343B5513874140CB03F7A4C07C4240	Yenice	685	5	\N
0101000020E6100000499C155113E44040B5A09C0D9EB04440	Kastamonu	766	9	\N
0101000020E610000084CB74F920064140C9833EA253814440	Tosya	767	7	\N
0101000020E61000009E1E80796D044140E69A5D52109A4440	Çıbanköy	768	5	\N
0101000020E6100000C74B378941E04040F2D24D6210884440	Bostanköy	769	5	\N
0101000020E610000025CFF57D38E64040631B02918FA24440	Yuva	770	6	\N
0101000020E61000004AFFDCE1C03B414059A5F44C2FD04440	Gökçeağaç	771	5	\N
0101000020E61000000F1F227F7A0141404ABAC1AB40FD4440	Abana	772	6	\N
0101000020E61000009B81806BDDC14040B6F3FDD478CC4440	Cörmeren	773	5	\N
0101000020E610000000917EFB3A00414032772D211FCC4440	Belovacık	774	5	\N
0101000020E61000001B6E765A6D0A41404B61399DBFDD4440	Kızacık	775	5	\N
0101000020E6100000C57F70F4E72B414090E67E3D15F94440	Ayandon	776	5	\N
0101000020E61000001637C9EAB14B4140806B8203B5F84440	İstefan	777	7	\N
0101000020E61000003037CE5C9693414048156AF239034540	Sinop	778	8	\N
0101000020E6100000138C39BEAC9941403BDADDA8BAE64440	Gerze	780	6	\N
0101000020E610000054ADE012DB6341405EC4D21B49BC4440	Boyâbâd	781	7	\N
0101000020E6100000A2A712AFFC874140C81D801EB4B54440	Durağan	782	6	\N
0101000020E61000003CDEE4B7E86141409D8CE0359EC14440	Osmanköy	783	5	\N
0101000020E61000000E4FAF94658E41404BAC8C463EF04440	Mehmedbeyoğlu	786	5	\N
0101000020E61000009B98E436D0F63E40C9A60128EBE14340	Alpu	787	5	\N
0101000020E610000059CAE836972F3F40319A95ED43C24340	Kaymaz	788	5	\N
0101000020E6100000663623DE95883F40BB8FEDC6CCB84340	Sivrihisâr	789	7	\N
0101000020E61000008DEE2076A6D03F4074C0649934B14340	Kozağaç	790	6	\N
0101000020E610000022EAF4728E803F40C8862469EDEE4340	Kapıdağ	791	7	\N
0101000020E6100000FFD76FDC187D3F40551344DD07DA4340	Sarıköy	792	5	\N
0101000020E610000079E9263108B23F408ACC5CE0F2D84340	Biçer	793	5	\N
0101000020E6100000F23BF2AC49F43F40FA1C69BAE8CC4340	Beylikköprü	794	5	\N
0101000020E6100000DC1F39E345BE3F40CFFE9B72E0C54340	Mülk	795	5	\N
0101000020E610000076F63A4E761240400A8BE5F10FCA4340	Polatlı	796	5	\N
0101000020E6100000830C2E6700154040B9C903ECFED24340	Beyceğiz	797	5	\N
0101000020E6100000B878D388F4314040698D412784E44340	Malıköy	798	5	\N
0101000020E61000009C0A02751444404038BC202235E34340	Balkuyumcu	799	5	\N
0101000020E6100000AEE64A4E374340408F5B278980004440	İstanos	800	6	\N
0101000020E6100000AD99C640E82B4040C7629B5434024440	Ayaş	801	7	\N
0101000020E6100000B42737401F4B40400A383A9D1AFB4340	Sincan	802	5	\N
0101000020E610000010F9783249EE3F4027874F3A91154440	Beypazarı	803	7	\N
0101000020E6100000B30C71AC8B5B3F40BF3B4382F3174440	Nallıhan	804	7	\N
0101000020E6100000DC8DF458E9534040304B96EE093C4440	Yabanâbâd	805	7	\N
0101000020E6100000D6B441DC8B844040EA807FA54E1E4440	Çubukâbâd	806	7	\N
0101000020E61000006F490ED8D5B44040DB90DA1F830C4440	Kalecik	807	7	\N
0101000020E6100000D2A1783AFCC440403C07E0B07E2D4440	Tüney	808	6	\N
0101000020E610000077BE9F1A2F4D4040A245B6F3FDA44340	Katrancı	809	5	\N
0101000020E61000005BADB8DD704140407C4E3052DEB74340	Haymana	810	7	\N
0101000020E610000033D1D677347340404CFDBCA948D84340	Beynam	812	5	\N
0101000020E61000001D3C139A248540409A0EF857EAE34340	Evciler	813	5	\N
0101000020E61000007B2E5393E09E4040004A8D1A5DF54340	Asi Yozgad	814	6	\N
0101000020E6100000E7165F590EBA4040168E7B4ED5EC4340	Yahşihan	815	5	\N
0101000020E6100000E69A5D5210B7404038EEDE9BF0C94340	Çeşnigirköprü	816	5	\N
0101000020E6100000730DD87A2BDD4040B91EE0A4C4004440	Kulaksız	817	7	\N
0101000020E610000028846973F7E24040E4ADA9E27C084440	Selâmlı	818	5	\N
0101000020E610000066C0594A966F4040BE90C48146F94340	Ankara	819	8	\N
0101000020E61000000679E2DEA19E40407AB6FDE19DC84340	Boyalık	820	5	\N
0101000020E6100000AF9465886315404000917EFB3A384340	Han	821	5	\N
0101000020E6100000BDEE63BB313941406BED22F197894440	Hacıhamza	822	6	\N
0101000020E61000007B2D8D04BF664140F9E3AC3E0D7D4440	Osmâncık	823	7	\N
0101000020E6100000A2557776437F4140A5D8D138D4814440	Akören	824	6	\N
0101000020E61000002E9276A38F3E4140CB25FA21DB914440	Kargı	825	6	\N
0101000020E610000055336B2920554140B55ABB48FC7B4440	Kızıltepe	826	6	\N
0101000020E6100000BB09BE69FA6741408F392A920A6E4440	Dodurga	827	6	\N
0101000020E6100000A3618CA3CD3C4140E09B4B169C5D4440	İskilip	828	7	\N
0101000020E6100000480FE8F1202D4140C44FD2B2A4524440	Çayköy	829	5	\N
0101000020E6100000F7AB00DF6D7A4140DD50E740C5464440	Çorum	830	8	\N
0101000020E6100000DE59BBED426741400DC347C494364440	Sarembey	832	5	\N
0101000020E6100000416A6EE06968414073FD71B158244440	Küre	833	5	\N
0101000020E610000040A951A3EB6B414073B1B3322B154440	Alaca	834	6	\N
0101000020E61000002E7A02BC60404140F756C96C35164440	Kırankışla	835	5	\N
0101000020E610000091F0BDBF41304140CBF6216FB9144440	Sungurlu	836	7	\N
0101000020E6100000C8F37409E24D4140C83B2C79E1024440	Boğazkale	837	5	\N
0101000020E61000005E2BA1BB2436414086A867E66EE94340	Hacıosmanlı	839	5	\N
0101000020E61000003B8E1F2A8DF43B400801F9122A7C4440	Ereğli	54	6	\N
0101000020E610000092CB7F48BF6D35400EBE30992A004540	Üsküp	181	9	\N
0101000020E6100000CCCF0D4DD981344024EF1CCA50914540	Yenipazar	195	8	\N
0101000020E61000001CAB39E576F03A402263FF869ABE4340	Kemer	356	7	\N
0101000020E610000067B5C01E13093C4062708390E2D04340	Mendehora	366	5	\N
0101000020E6100000A912656F294F3D40F6E2D583933E4440	Pazarköy	386	7	\N
0101000020E6100000F058220670833D40F17D16F0D70A4440	İnegöl	391	7	\N
0101000020E61000007FF5B86FB5EA3D403F7FEBD4A6E64340	Dodurga	402	6	\N
0101000020E610000066602EF3672F3E409A305008D3014440	Söğüt	404	7	\N
0101000020E61000002E7590D783653E40165DCDF055904340	Döğer	422	5	\N
0101000020E6100000E9818FC18A0F3E4038F7578FFBA24340	Yenice	430	6	\N
0101000020E610000060CD5C3BACDD3D4068E498D134F54240	Polatlı	438	6	\N
0101000020E6100000960854FF20A63B4071A5434C2E1C4340	Bayındır	482	7	\N
0101000020E61000001A16A3AEB5B53B405D644C0BA83F4340	Kasaba	496	7	\N
0101000020E6100000EC83D151B3A83C408324FD07A2854340	Demirci	514	7	\N
0101000020E610000053CDACA5806C3B404A68267387844240	Bodrum	555	7	\N
0101000020E6100000BA26497C936B3F400A99D0C9F72D4340	Akşehir	622	7	\N
0101000020E61000007DCA3159DCC540404E2C4BCF4F774340	Koçhisâr	628	7	\N
0101000020E61000002049A4C8B50641408A0453CDACC14240	Ereğli	646	7	\N
0101000020E6100000097C8F4479164140BC9D3358273E4240	Ayaş	675	6	\N
0101000020E610000039F29B1D04764040B4ED0FEF94894440	Ovacık	742	6	\N
0101000020E6100000A913D044D818414055C1A8A44E404440		840	0	\N
0101000020E6100000189062258BCE404026A36F777BD64340	Denek Madeni	842	7	\N
0101000020E6100000820E04125EDC4040CD565EF23FF04340	Beyovası	843	5	\N
0101000020E6100000A1681EC022DC40407984E4AE6FF44340	Balışeyh	844	5	\N
0101000020E61000002D0CEC8C4A004140B69D5B8D91F24340	Çerikli	845	5	\N
0101000020E6100000C1BE428B11C3404004954CA9A6C14340	İğdebeli	846	5	\N
0101000020E610000062B8DF466F30414042DD51ADCF874340	Mucur	847	6	\N
0101000020E6100000F6CFD3804115414027E77A91BF924340	Kırşehir	848	8	\N
0101000020E610000087AAF303B24741403239B5334C784340	Hacıbektaş	849	6	\N
0101000020E6100000487A072E456C4140539B9372525B4340	Avanos	850	7	\N
0101000020E6100000A3B2C3D4E5964140AF055BB0056B4340	Tekgöz Köprüsü	851	4	\N
0101000020E6100000E67F4D316270414018A2F9522E7E4340	Çalış	852	5	\N
0101000020E61000000FB6D8EDB3354140B8567BD80BCD4340	Mecidiye	853	7	\N
0101000020E6100000C16D122807F44040D479F9426DAA4340	Kurancılı	854	5	\N
0101000020E61000005B25581CCE424140529E7939ECED4340	Nefes	856	5	\N
0101000020E610000003A1AB634B67414046EC134031E94340	Yozgat	857	8	\N
0101000020E6100000652D4F31188A4140D09DBBB8E8164440	Çopraşık	858	5	\N
0101000020E61000002A5437177F9741401C5CDF2CCAE74340	Köhne-i Kebir	859	6	\N
0101000020E6100000C822F20291C04140042560CF32E34340	Karamağara	860	5	\N
0101000020E6100000F563384316B0414060B422C55BBF4340	Terzili	861	5	\N
0101000020E6100000EBDF9AE040C74140865C0421B4B64340	Menteşe	862	5	\N
0101000020E61000001C1659219BF04140291AB50C82D44340	Akdağmadeni	863	7	\N
0101000020E610000025B616C15AEB4140A98020E5CCDE4340	Muşalikalesi	864	5	\N
0101000020E6100000E2E5E95C5180414001A83D80A0C84340	Karabıyık	865	5	\N
0101000020E6100000B6F3FDD478994140B6F3FDD478A94340	Çakmak	866	5	\N
0101000020E6100000D5DBB0B7DE9E41404E5E64027E974340	Boğazlıyan	867	7	\N
0101000020E610000074A4E9A2D7CD4140E60D8BAC908E4340	Rumdigin	868	5	\N
0101000020E6100000F9A067B3EAAB4140034356B77A7A4340	Çokgöz Köprüsü	869	4	\N
0101000020E6100000CDA6C8C628BA414056CC52FC29674340	Erkilet	870	5	\N
0101000020E610000002E9AC6065C74140402BD5AA025F4340	Germir	871	5	\N
0101000020E610000059BED3090DD1414038899C1958664340	Mancusuz	872	5	\N
0101000020E6100000F883262E6CBC4140C1CEA854E45D4340	Kayseri	873	8	\N
0101000020E6100000AE9E93DE37CA4140965AEF37DA5B4340	Tavlusun	874	5	\N
0101000020E6100000DD6A8C8CC4E74140930DB5B7A5394340	Tomarza	875	5	\N
0101000020E6100000D60A896A00BF4140CD71135A7B314340	Develi Evrek	876	7	\N
0101000020E6100000A564DE4F32984140B5215A86934F4340	İncesu	877	7	\N
0101000020E61000004F779E78CE8B41406241ABDDC02C4340	Develi Karahisâr	878	6	\N
0101000020E61000005454FD4AE787414081A3D3A9E11E4340	Araplı	879	5	\N
0101000020E610000054E57B4622BE4140371AC05B20F54240	Faraş	880	5	\N
0101000020E61000008183AC5DC9CF41400BB77C2425214340	Fraktin	881	5	\N
0101000020E6100000427A8A1C22223A405470784144C44440	Ortaköy	105	7	\N
0101000020E6100000DB1324B6BB7B3B40BBD6DEA7AACA4340	İvrindi	841	6	\N
0101000020E6100000C8B02F7EBFBB41405C6045FC79924440	Vezirköprü	882	7	\N
0101000020E610000017D9CEF753B341406ABC7493188C4440	Paşaköy	883	6	\N
0101000020E6100000882CD2C43BC841403965C97784834440	Ortaklar	884	6	\N
0101000020E6100000A745D84BAED54140C28DEFE6047C4440	Havza	885	7	\N
0101000020E610000001BD70E7C2BB4140FC790904F06E4440	Merzifon	886	7	\N
0101000020E6100000EF2FCC53679C41404F22C2BF08704440	Gümüşhacıköy	887	7	\N
0101000020E6100000CB0F5CE509AA41402252D32EA6664440	Alıcık	888	6	\N
0101000020E6100000730690EBF0F34140A0E8706369754440	Ladik	889	7	\N
0101000020E610000086D4A35F11EC41401B8D32D1D6544440	Amasya	890	8	\N
0101000020E61000006877483140A94140222290A6D51A4440	Kazankaya	892	6	\N
0101000020E6100000BC96900F7AA04140CB9E0436E7224440	Ortaköy	893	6	\N
0101000020E610000017F032C3460742406D58AE1287484440	Ezinepazar	894	6	\N
0101000020E61000004DDE5BEC51B84140DAD836D60F434440	Kayı	895	6	\N
0101000020E61000008B40AB82079A4140A0AE4912DF334440	Çıkrık	896	5	\N
0101000020E610000046CB2665F7A541402CD90CCBFA424440	Mecidözü	897	7	\N
0101000020E6100000214E716605F4414018D00B772E274440	Zile	898	7	\N
0101000020E61000001C25AFCE31E7414084190923ACFF4340	Kadışehri	899	6	\N
0101000020E6100000CE1B2785790B4240521BE61599FF4340	Sulusaray	900	6	\N
0101000020E610000012610D61463D4240CB9E0436E70A4440	Çiftlik	901	6	\N
0101000020E6100000612C1DBD2B47424026A77686A9294440	Tokat	902	8	\N
0101000020E610000037BA9404F21A4240D4939E8E6C1E4440	Dimorta	903	6	\N
0101000020E610000046AFAB6E9A7442400E34FA2C2A304440	Almuskebir	904	6	\N
0101000020E6100000E71DA7E8488E4240AEB6627FD92D4440	Menegir	905	6	\N
0101000020E61000000C97B0917F1742402067F569703F4440	Çengel	906	6	\N
0101000020E6100000BB7372D06F0C4240FE2AC0779B324440	Turhal	907	6	\N
0101000020E61000000F7BA180ED24424022591BBEE0294440	Necip	908	6	\N
0101000020E6100000BCEB6CC83F7A4240D82725A9F14A4440	Niksar	909	7	\N
0101000020E61000004E0B5EF415964240DA498E8532464440	Başçiftlik	910	6	\N
0101000020E610000080D250A3904A424098874CF910564440	Erbaa	911	7	\N
0101000020E610000063505C44CA344240971F138486584440	Karaağaç	912	6	\N
0101000020E61000007699AB30C7524240A2F4E049662E4440	Gümenek	913	5	\N
0101000020E6100000CCA77D29F2DC4140A589D2399AF74340	Yangı	914	5	\N
0101000020E61000005562E822CFD4424031D3F6AFAC324440	Afan	915	6	\N
0101000020E610000085D8F4FB59AA424036AB3E575B3F4440	Ermeniköy	916	6	\N
0101000020E61000007BA01518B2EA4240292BE16476264440	Koyulhisâr	917	7	\N
0101000020E6100000123A9E85F3E34240CC9FCAC4083B4440	Meles	918	7	\N
0101000020E610000047F5E7ECAE0B4340CEF9CED490154440	Endires	919	7	\N
0101000020E6100000FB5DD89AAD2C43407D57A945E90A4440	Ezbider	920	6	\N
0101000020E61000005B689DA7F04D4340382ADC97D8074440	Ağvanis	921	6	\N
0101000020E6100000BE721827194C434076148CEF30034440	Çobanlıtekke	922	5	\N
0101000020E6100000724F57772C4C43402522FC8BA0244440	Alişar	923	6	\N
0101000020E6100000F53CC967C33543407432271E06254440	Şarkî Karahisâr	924	8	\N
0101000020E6100000BE7D67C5819B424099897D5DE1AA4340	Deliktaş	954	6	\N
0101000020E61000008E3F51D9B0854240E22428D945B84340	Ulaş	955	6	\N
0101000020E61000008A8CB38E4F9B4240A79196CADB894340	Mancılık	956	6	\N
0101000020E6100000E2390087F5B14240EFB0E485CF9D4340	Kangal	957	6	\N
0101000020E61000008FC8D2E2E7CC4240D5F48F74BC8D4340	Alacahan	958	6	\N
0101000020E61000000B613596B0F042407813D78C67B14340	Güneş	959	6	\N
0101000020E610000005DB8827BB694240701008CFDFE14340	Hayranlı	960	6	\N
0101000020E61000009D64ABCB298B42406E9BF39DA9E04340	Kılhıdık	961	6	\N
0101000020E61000001D739EB12FB342405C36DF2D35E34340	Tavşanlı	962	6	\N
0101000020E61000003B866CC5A30F4340DD5ED218ADAF4340	Divriği	964	7	\N
0101000020E6100000433D7D04FE3043405A29047289B34340	Pingan	965	6	\N
0101000020E6100000C442AD69DE614340401361C3D3C34340	Avşın	967	6	\N
0101000020E6100000FDA19927D7D64240DBFD2AC077DB4340	Tuzlagözü	968	6	\N
0101000020E610000089FE1A5AAEB64240F34707DAD3D84340	Celâlli	969	5	\N
0101000020E6100000AEDE3C30DB384340CD17C5BCD8F14340	Gemecik	971	5	\N
0101000020E61000001777CDF5C7E442402E1A321EA5124440	Keçeyurdu	972	6	\N
0101000020E61000005A31B7D672B242402CB98AC56FED4340	Hafik	970	7	\N
0101000020E6100000C8C562E5E1EF41405028FA3207824440		891	0	\N
0101000020E6100000D9DF23ACD73743402202695ABD294440	Tanzara	925	6	\N
0101000020E61000005877876FBC614340CDDFCECF1E294440	Mesûdiye	926	7	\N
0101000020E6100000F24F5F854A21424069BCBE2033E64340	Belcik	928	6	\N
0101000020E6100000B6B35483D54C42400B896A0025EF4340	Yenihan	930	7	\N
0101000020E61000003CA583F57F6A42404455A75E120B4440	Kargın	931	6	\N
0101000020E61000005E914E136C3542403117A7107EAD4340	Şehirkışla	932	7	\N
0101000020E61000004A6249B9FB0942405A55E531B9974340	Gemerek	933	6	\N
0101000020E610000019671D9FDA264240F14D2E217AA84340	Kayapınar	934	6	\N
0101000020E6100000CDCAF6216F55424051B17B3C3EBB4340	Hanlı	935	6	\N
0101000020E610000049AB1045375B4240BA79F4D088BD4340	Kayadibi	936	5	\N
0101000020E61000006276604A6E604240E2C96E66F4A24340	Tonus	937	6	\N
0101000020E6100000775AC86D45FC414067A1F88C9F894340	Sarıoğlan	938	6	\N
0101000020E61000000BA650CC30EF414035A440553B834340	Palas	939	6	\N
0101000020E61000001AE725B506FC41404A68812CFA554340	Elbaşı	940	6	\N
0101000020E61000004374081C09F04140957F2DAF5C4F4340	Zerezek	941	5	\N
0101000020E6100000E8829FDDC604424051460147A7554340	Ekrek	942	6	\N
0101000020E6100000B70BCD751A33424017015F1B3B5D4340	Azîziye	943	7	\N
0101000020E610000080D6FCF84B4D4240A92E85AC139B4340	Ebesili	944	6	\N
0101000020E6100000ED3081B6303A424079419F234D734340	Kaynar	945	5	\N
0101000020E6100000DAA1ABBE04404240834E081D743D4340	Sarız	946	5	\N
0101000020E6100000F29FC959333742407A371614062D4340	Kamer	947	6	\N
0101000020E61000008DEE2076A62F42406754CF38C3564340	Olukbel	948	5	\N
0101000020E6100000D03582435EA242401D514601475C4340	Gürün	949	7	\N
0101000020E6100000E65C8AABCAAD4240D0317B34305C4340	Telin	950	6	\N
0101000020E61000009A8C7450D3964240A09F4E1EBB3C4340	Karamağara	951	5	\N
0101000020E6100000EC70CF4E61BF424050F7A68EFA464340	Darende	952	7	\N
0101000020E6100000EF25E88AAD824240C0E78711C2DF4340	Sivas	953	9	\N
0101000020E6100000BCC4FDECECE0424090B52B9908F24340	Zara	973	7	\N
0101000020E6100000739F1C0588F44140072C144438C64440	Bafra	974	7	\N
0101000020E6100000790206EEE5CC41409DCF25C1C0CD4440	Alaçam	975	6	\N
0101000020E61000009070B5A9150F4240949FF94102C04440	Kumcağız	976	5	\N
0101000020E6100000B7FB0BF3D42B42403F332D5679A44440	Samsun	977	8	\N
0101000020E6100000AC22371EC77C42409364671BC99A4440	Terme	980	7	\N
0101000020E61000007BB14170A6A442409E245D33F98F4440	Ünye	981	7	\N
0101000020E6100000233EC10F18C0424083B8BC83E9834440	Fatsa	982	7	\N
0101000020E61000006ADE718A8E8C42404F401361C35B4440	Karakuş	983	6	\N
0101000020E6100000E2B66C63A2CA4240AED689CBF1834440	Bolaman	984	6	\N
0101000020E610000047BB1B5597E342405E1F8C8E9A874440	Perşembe	985	6	\N
0101000020E61000002F4D11E0F4F0424042107BFC397E4440	Ordu	986	7	\N
0101000020E6100000825DA85725E1424000A8870DBB6F4440	Ulubey	987	6	\N
0101000020E6100000F93DA0223DB342403A877CE1DF574440	Aybastı	988	6	\N
0101000020E6100000A6DA029DA41C4340DF90A1BEC0774440	Bulancak	989	6	\N
0101000020E61000008F30B19EFF0F4340EB96D354057A4440	Abdal	990	6	\N
0101000020E61000004EB0A481C43143404934DCDB88754440	Giresun	991	7	\N
0101000020E6100000ED3257618E2B434019C16B3C7D594440	Kullukkaya	992	6	\N
0101000020E610000041CEA046C64143400EB5B7A51F754440	Keşap	993	6	\N
0101000020E61000006F12DE793D5B4340F51E1D0D96794440	Espiye	994	5	\N
0101000020E6100000A8F11CDB7C684340D0978345EA804440	Tirebolu	995	7	\N
0101000020E6100000AAF46E87E111434040C05AB56B164440		927	0	\N
0101000020E61000003E7CF4E1B45C4240EBB424F6BF994440	Çarşamba	979	7	\N
0101000020E61000001FD61BB5C2034240E7D4DF5C0D894440	Kavak	978	6	\N
0101000020E61000009D5D08837C3C4240AB8EC12F9AEB4340	Kavak	929	6	\N
0101000020E610000009D68228A9804340D80DDB1665844440	Elevü	996	7	\N
0101000020E610000095545C0B69A34340ABF5341603864440	Ful	997	7	\N
0101000020E610000041727CFEC5C94340861046A286824440	Platana	998	7	\N
0101000020E6100000BC5CC47762ED4340DE0033DFC17A4440	Yomra	1000	6	\N
0101000020E6100000F7F9394F860F44404AE53796C1744440	Sürmene	1001	7	\N
0101000020E610000039A16BBAF9214440AA70BA1BFA784440	Of	1002	7	\N
0101000020E61000001418FC47F0AE4340259930F54E4E4440	Zigana	1003	6	\N
0101000020E6100000A2444B1E4FA54340D76F815F7E714440	Tonya	1004	6	\N
0101000020E6100000973F3AD09ECE4340215C5C3EED674440	Cevizlik	1005	6	\N
0101000020E610000005604DAFDECD43409B481FA974624440	Sümela	1006	5	\N
0101000020E610000042B7F2EDB8A54340C62BB583B6474440	Ardasa	1007	7	\N
0101000020E610000016D79D9383BD4340AEE2433F093B4440	Gümüşhâne	1008	8	\N
0101000020E610000066FDC11B2DEF4340EB47D455CB494440	Yağmurdere	1009	6	\N
0101000020E6100000CBB3379D09D9434007E28629DB314440	Koğants	1010	6	\N
0101000020E6100000BFFD6FDBADD34340F16DB026051B4440	Köse	1011	5	\N
0101000020E6100000FDE95097D6B743402D9F9BEC55104440	Kelkit	1012	7	\N
0101000020E6100000F176CE609DCC4340DF60B9EF62034440	Sadak	1013	5	\N
0101000020E61000004D09D2D6D2634440F6381D12085E4440	Cimil	1015	6	\N
0101000020E6100000D03EFB36697C444005EBEEF08D784440	Vice	1016	5	\N
0101000020E61000006EFC89CA8643444009803B9A34834440	Rize	1017	8	\N
0101000020E6100000FBD060AEA05C44401557957D578B4440	Mapravi	1018	6	\N
0101000020E6100000C75D297057A74440FCD3FCE71FAD4440	Arhavi	1019	6	\N
0101000020E610000075C4C661D5B544406B2DCC423BB24440	Hopa	1020	7	\N
0101000020E6100000C099F3E736924440A598CD2DBEA24440	Vitze	1021	5	\N
0101000020E6100000A3F66C67A9724440DE4C96A47C974440	Atina	1022	7	\N
0101000020E61000002185FC7D10904340A78BB91050184440	Karaca	1014	7	\N
0101000020E61000008A496E032DF53C40A0B426CC6A834440	Cibali	1048	3	\N
0101000020E61000006A5C493CEAF13C40517F620910854440	Ayvansaray	1049	3	\N
0101000020E6100000B25BDA4B67EF3C401109E9CF2A864440	Eyüp	1050	3	\N
0101000020E610000055682096CD1C44406E275B6E7A214440	Bayburt	1076	7	\N
0101000020E6100000CBFD69FEF3624340EB5B412ECCF34340	Gercanis	1058	7	\N
0101000020E610000087911447D43C434071BA1BFADDD14340	Kuruçay	1059	7	\N
0101000020E6100000F1457BBC90844340EA6399D942CD4340	Kemah	1060	7	\N
0101000020E6100000D8CA958B427043409B30ABC145E84340	Çengerli	1061	6	\N
0101000020E610000029E8F692C6A843402BB4BD2720E74340	Esesi	1062	6	\N
0101000020E6100000AE1DD66542BF4340961F5D11A1DF4340	Erzincân	1063	8	\N
0101000020E610000026C1C018361444404881AA76F2314440	Hart	1077	6	\N
0101000020E6100000C4060B2769F44340C97D062F55CD4340	Selepür	1065	6	\N
0101000020E61000003A39E8B754C143402A81DE65D0EC4340	Rumsaray	1066	5	\N
0101000020E610000063038EA960D94340A7ECF483BACB4340	Cinciğe	1067	6	\N
0101000020E610000072C0AE264FF34340BEE36FD63BBE4340	Pülümür	1068	7	\N
0101000020E6100000608F8994660144403E271829EFEB4340	Pülk	1069	5	\N
0101000020E61000000E91894AD9024440B4B684D789FC4340	Karakulak	1078	6	\N
0101000020E6100000438C7C0338364440E39F635122104440	Everek	1079	6	\N
0101000020E610000091CB9CDC96F93C40CC5E8489E4824440	Karaköy	1026	2	\N
0101000020E6100000234A7B832F2C43400E15E3FC4DBC4340	Zimara	1070	5	\N
0101000020E61000003944DC9C4AE0434016212BAEE0104440	Plur	1071	6	\N
0101000020E61000005500E7204306444047BDF1FFF4E64340	Mans	1072	6	\N
0101000020E61000001A80B2CE9D3244406B7CCB41759F4340	Temran	1073	5	\N
0101000020E6100000B6775787ED28444042B3EBDE8AA14340	Kiğı	1074	7	\N
0101000020E610000043A78C24E66144405D33F9669BB04340	Liçik	1075	6	\N
0101000020E61000005F7017AB1763444081689C3C1B354440	Norgah	1080	6	\N
0101000020E6100000099744ACB4524440FFE1F8EB5F2F4440	Karakoç	1081	5	\N
0101000020E6100000DCE51192BB6544405F5C4F19A43E4440	Gağanis	1082	5	\N
0101000020E6100000D40AD3F71A804440217C838A053E4440	İspir	1083	7	\N
0101000020E6100000C390E6D9F68C44400A86730D33254440	Başkent	1084	5	\N
0101000020E61000009414580053BE44408B15DADE13414440	Vıhik	1085	5	\N
0101000020E61000008BC1C3B46FC644400E7338A91E444440	Azort	1086	5	\N
0101000020E61000000A078C3F9BCF444081D1408754494440	İs	1087	5	\N
0101000020E6100000EF0390DAC4BD44407AE40F069E5B4440	Ersis	1088	7	\N
0101000020E6100000A67C08AA46BB4440BA30D28BDA614440	Pertekrek	1089	5	\N
0101000020E6100000C166CA98CCBC44406A4FC939B12B4440	Tortum	1091	7	\N
0101000020E610000096CD1C925ABC4440B71D64A3BD1A4440	Kızılkilise	1092	5	\N
0101000020E6100000E3E13D0796EF444006ABA0585D2C4440	İd	1093	7	\N
0101000020E6100000CE50DCF126C54440D1F533AB2D1D4440	Bar	1094	5	\N
0101000020E6100000C8FD58D29BAE4440183F8D7BF3074440	Hinok	1095	5	\N
0101000020E61000005F718280C68D444034FF9E0E1AF94340	Ilıca	1096	6	\N
0101000020E6100000F90670C4A4984440FD4CBD6E11014440	Tivnik	1097	5	\N
0101000020E61000002B5492D0F1214440430070ECD9DE4340	Kötürköprü	1098	5	\N
0101000020E6100000F24C1E053E314440908DF62E94E34340	Mamahatun	1099	7	\N
0101000020E6100000C6F3BE96FC584440CB02DCE2D0F54340	Aşkale	1100	6	\N
0101000020E61000000C6B7418DD6C4440417A2F63AFF44340	Cinis	1101	6	\N
0101000020E6100000A0D7440B75A344404FDA0A5009F44340	Erzurum	1102	9	\N
0101000020E610000061FE0A992B7D444029649DE051CE4340	Çat	1103	6	\N
0101000020E61000008351499D808F4440366D6BB015D64340	Karaşeyh	1104	5	\N
0101000020E61000009A46EE44A4714440B59C95FE6F934340	Göynük	1105	6	\N
0101000020E61000000EA320787CD64440615E36F059FD4340	Hasankale	1106	7	\N
0101000020E61000008CD6F61B92EF444021AE9CBD33FC4340	Köprüköy	1107	5	\N
0101000020E6100000F2B0506B9A264540DA931BA08FFC4340	Delibaba	1108	5	\N
0101000020E6100000E57CB1F7E21F4540FF8BB15DEB1B4440	Zivin	1110	5	\N
0101000020E610000052706715ECB344407A31395A7ADD4340	Madrak	1111	6	\N
0101000020E61000003813D38558E74440308D15EB0AE24340	Mescidli	1112	5	\N
0101000020E61000007A9B487A62D444402478E860A2CF4340	Çevirme	1113	5	\N
0101000020E6100000513239B533DA444059428875F4AD4340	Hınıs	1114	7	\N
0101000020E6100000EAC42F06200D45400342EBE1CBAC4340	Karaçoban	1115	6	\N
0101000020E61000008D0E48C2BEC93E4032EAB53412334440	Göynük	723	7	\N
0101000020E6100000975C511ABA6D4440FE27F3828B384440		1116	0	\N
0101000020E6100000A5F4F175BE3F4540C3B3A95F8E084440	Karakilise	1109	5	\N
0101000020E6100000E1E6F9788DEA4440E0B831E2A7974440	Artvin	1117	6	\N
0101000020E61000001405FA449E5645401F1730DC14E64340	Zeydikan	1118	5	\N
0101000020E61000007491E79F853845400154CC9C89EE4340	Tahir	1119	6	\N
0101000020E6100000244223D8B886454052FEA4901ADC4340	Karakilise	1120	7	\N
0101000020E61000001992EE42CE684540B51A12F758EC4340	Toprakkale	1121	7	\N
0101000020E6100000793BC269C15D454037C714072BE84340	Molla Süleyman	1122	5	\N
0101000020E6100000FAEA4F87BA6245400CE0D2D62DC54340	Tutak	1123	7	\N
0101000020E61000008AABCABE2B6E4540CA3C4DC1759E4340	Patnos	1124	6	\N
0101000020E610000020240B98C0AF454054573ECBF3994340	Hasanabdal	1125	5	\N
0101000020E6100000272B2BF290C64540A98A04AE86B24340	Karaca	1126	5	\N
0101000020E61000004230FD01C5AF454026964A2EB5D14340	Taşlıçay	1127	6	\N
0101000020E6100000AB3308BD48C245408A592F8672CE4340	Üçkilise	1128	5	\N
0101000020E610000013F241CF668D4540C1CAA145B6CB4340	Malhas	1129	5	\N
0101000020E6100000EE9007C7D1054640AE57A2FD59D54340	Karabulak	1130	5	\N
0101000020E61000006D4F351F7CD64540648B492476C54340	Diyadin	1131	7	\N
0101000020E61000004D874ECFBB1046406704C01D4DC24340	Beyazıd	1132	8	\N
0101000020E61000008349963897E84540049C9438E1D84340	Musun	1133	5	\N
0101000020E610000011244AD63CFF4540AA66310CB3C34340	Kızılca	1134	5	\N
0101000020E61000005E4BC8073D5B44401EA7E8482E774340	Perhenguk	1135	6	\N
0101000020E6100000B6BE4868CB8744400622D5C10B7C4340	Boğilan	1136	5	\N
0101000020E6100000EE7C3F355E8644401AA88C7F9F654340	Genc	1137	8	\N
0101000020E6100000AE015B6FE53F44405FC4888E2E724340	Çevlik	1138	7	\N
0101000020E6100000284B08B18E814440E78C28ED0D404340	Pasur	1139	7	\N
0101000020E6100000838769DFDCFF3D40188854072FFD4340	Karaköy	400	5	\N
0101000020E6100000C28FC591623940407FC16ED8B6C74240	Kavak	633	5	\N
0101000020E610000002D369DD06C93E40938C9C853D894440	Karasu	336	6	\N
0101000020E61000008907944DB97441401E2F490AD1F04440	Karasu	785	5	\N
0101000020E6100000367925242D3A454032DAF4B1CCC24240	Şırnak	1161	5	\N
0101000020E6100000A3AF20CD58A2444088C965ED00774340	Sordar	1141	5	\N
0101000020E61000004CD3B19476BA44407BCF921161954340	Gümgüm	1142	6	\N
0101000020E6100000B1D58ADB0DE64440C17861C66F544340	Arkavank	1143	5	\N
0101000020E61000000CC050D1A2B54440C408E1D1C62A4340	Sason	1144	7	\N
0101000020E6100000B04D74A785C04440C3A27D079A5F4340	Muş	1145	8	\N
0101000020E61000003772384E65064540FD851E317A814340	Liz	1146	6	\N
0101000020E61000001661D4FF83D64440E2C4FC81178C4340	Karaköy	1147	6	\N
0101000020E610000058C27F5FC82245406E0503BE918C4340	Kop	1148	7	\N
0101000020E61000006C6F01B2211A4540F2E5AA1ED56D4340	Naziki	1149	5	\N
0101000020E6100000B1C22D1F49454540964C0460F2924340	Malazgirt	1150	7	\N
0101000020E610000029232E008D35454090F7AA95099D4340	Nurettin	1151	5	\N
0101000020E610000019C91EA1663E4540F4B74E6DBA604340	Ahlat	1152	7	\N
0101000020E61000006666666666264540EEEBC03923424340	Tatvan	1153	5	\N
0101000020E610000096A07543091445405C8FC2F5283C4340	Başhan	1154	6	\N
0101000020E6100000787AA52C43244540933A014D84354340	Dop	1155	5	\N
0101000020E61000009F9FF364480E4540DEE3F15943334340	Bitlis	1156	9	\N
0101000020E61000008E9C3BB0D236454090831266DA1C4340	Karasu	1157	7	\N
0101000020E6100000B344679945034540E58695C09C494340	Norşin	1158	6	\N
0101000020E61000000A8A7A1C61FB4440965B5A0D891F4340	Doğanköy	1159	6	\N
0101000020E61000004F48217F1FA24440A2218898B7714340	Ziyaret	1140	6	\N
0101000020E6100000D044D8F0F42A45400C022B8716B14240	Şah	1160	5	\N
0101000020E6100000DCEBEE4B47E7444043C472F0F1D34240	Çelik	1162	5	\N
0101000020E6100000658EE55DF5E3444053420B64D1DD4240	Til	1163	5	\N
0101000020E6100000166A4DF38EFB44403C1405FA44C24240	Fındık	1164	6	\N
0101000020E61000007AD0A22D9DCD4440A31122CFE4EB4240	Rıdvan	1165	6	\N
0101000020E6100000884677103BDB4440F758FAD005114340	Ziyaret	1166	5	\N
0101000020E6100000A12A4B19DDC74440894160E5D0044340	Zok	1167	7	\N
0101000020E610000025379ADFDFF93C401926F23707814440	Sultanahmet	1042	2	\N
0101000020E6100000B42A12FA27F53C40A5FFC9DBAB814440	Şehzâdebaşı	1045	2	\N
0101000020E61000002A7288B839F9444047BA55C675F64240	Siird	1168	8	\N
0101000020E61000003259DC7F64EA444076D54D733CEA4240	Beytil	1169	5	\N
0101000020E6100000B05A1EB885A544401DA1E31D69F54240	Beşiri	1170	6	\N
0101000020E61000007AC2120F285F3B40090E791563F94240	Ayasuluk	477	6	\N
0101000020E610000005830E83D91D46402CBC3E9123D24040	Müşadiye	1211	4	\N
0101000020E610000054F4BF81DCFD45406FBB3E6016054140	İstablat İstasyonu	1213	4	\N
0101000020E6100000001642E0001845404B4D88E48AAA4240	Cizre	1215	4	\N
0101000020E610000072C0A0B010ED45402AD88C2124184140	Samarra	1214	4	\N
0101000020E6100000741493C8BA304640FE8878966DA94040	Bağdad İstasyonu	1210	4	\N
0101000020E6100000A156D4F6CC13464027477544A8F94040	Beled İstasyonu	1212	4	\N
0101000020E6100000A456A49F67363B404EB176BFAF3A4340	Birunabad	464	5	\N
0101000020E61000000AA128FF98134240550A17C16C554140	Akkari	1220	5	\N
0101000020E6100000C474F8EAD90842405170115C514C4140	Tel Abbas	1223	5	\N
0101000020E6100000BC0860286552424089A0A7B5EC774140	Harbinefsi Askeri Makası	1233	4	\N
0101000020E610000029B4BBA53D5D42407C9236998B904140	Hama	1235	8	\N
0101000020E610000061F27D838D934240C373D10D1D1A4240	Bâbü'l-Ferâc	1244	4	\N
0101000020E6100000CEE67DE2D4C3414031B43330F2F24040	Beyrut İstasyonu	1216	4	Mar Mikayel?
0101000020E6100000D0B4939A805142409F7CF8FBED834240	Islahiye	715	7	\N
0101000020E6100000746B2EF7FCE94140983C217E78394140	Trablusgarb	1222	7	\N
0101000020E61000008B75499056DF3C40461E1B887D7D4440	Bakırköy	1247	4	\N
0101000020E6100000C912BFAE2AD33C40F1C8E4A8377B4440	Ayastefanos	1248	4	\N
0101000020E6100000681EF75A98F63C404DA7F5ED6E804440	Kumkapı	1249	4	\N
0101000020E61000002561EF940CB33C40F930B1AE0D884440	Ispartakule	1250	4	\N
0101000020E6100000B0469E6F615D3C40955D8EB78D9B4440	Kabakça	1251	5	\N
0101000020E6100000D7DF2D879F103D40862DCBE5A2174440	Bursa	378	9	\N
0101000020E6100000ABA0911E41143D40871F7AA8AD184440	Bursa Gar	1171	4	\N
0101000020E6100000380666AE94E53C40F0CC451B3F2B4440	Yörükali	1174	4	\N
0101000020E61000009AFBF12A0EF53C40F7B68A5D18204440	Koru	1175	4	\N
0101000020E6100000821CF574700B3D40882B51C487194440	Yahudiler	1172	4	\N
0101000020E610000024C44DB1C6053D40A6289673BF1A4440	Acemler	1173	4	\N
0101000020E610000007CC902D31DD4340298C46F231814440	Trabzon	999	9	\N
0101000020E610000002124DA088D53B40CE84CBCFB2754340	Akhisâr	512	7	\N
0101000020E610000071582DD5C60C36400D118E9785674440	Vodina	140	7	\N
0101000020E610000075C19484B53636408554011709454440	Karaferye	146	7	\N
0101000020E61000004E97C5690CE5394063C68E9A85754440	Bodoma	1176	4	\N
0101000020E610000037994DBCF4FE3940A3F496D97C6F4440	Şahinler	1177	6	\N
0101000020E6100000DF846965D6143A404175DCB5285D4440	Enoz	1178	6	\N
0101000020E61000009F81C27B652F3A409BD9E57B18724440	Ferecik	70	6	\N
0101000020E610000045CAECCB69C8364048F7856E168E4440	Kilindir	143	5	\N
0101000020E61000000B0B84D900B93640361661F156974440	Doyran	1179	7	\N
0101000020E61000001433056D44313C409BBA54F09A9D4440	Sinekli	52	5	\N
0101000020E610000068CDA7EFB2253B40674C02481C324340	Paradiso	1180	4	\N
0101000020E6100000E757B3F8952B3B4077832B7663314340	Buca	1181	4	\N
0101000020E6100000D0608A380ED43E40D3C7AA5714F04240	Eğirdir İstasyonu	1182	4	\N
0101000020E61000000EECE08B5AF7344062DA99D312C24440	Kırçova	241	7	\N
0101000020E61000001316E87E586634407ECD1C81ABFB4440	Koles	1184	7	Could be "Kalis" to the south, but it is spelt diferently (Kalîs) and the position seems wrong.
0101000020E6100000BEFE121AF213344049F4B9842CED4440	Mirdita	1183	7	Aslo known as Uluş
0101000020E6100000DCF4B5D2DF243B408C36B16012364340	Basmane	1186	4	\N
0101000020E610000066257CA68A203B4012E31E499A354340	İzmir	1185	9	\N
0101000020E61000000201A62AD42B3B40938A5DACE7374340	Halkapınar	1188	4	\N
0101000020E610000019446AF9FD663A402583F0CE46134440	Çanakkale	309	9	\N
0101000020E61000002557B71AC9263C4093EE0925E0F54340	Susurluk	368	6	\N
0101000020E61000000D1372C84B223B40E145160ED1364340	Pasaport	1187	4	\N
0101000020E6100000D3B029A105A83B40C39CA04D0EB14340	Giresun	361	6	\N
0101000020E610000006A2612C97F63B40A826A566C82C4440	Bandırma	349	7	\N
0101000020E6100000CA37F53E421A41404329B12037CD4240	Bulgurlu	1190	4	\N
0101000020E6100000A8DFEF1C067D4140482EBB9EB5934240	Durak	1191	5	\N
0101000020E610000091A48E398F744140901AAEDC6CAD4240	Belemdik	1192	5	\N
0101000020E6100000FF8FA487466B4140ECF3651311BF4240	Tahtaköprü	667	5	\N
0101000020E610000091368A5EFA1E4240B2D9670BD4894240	Osmaniye	714	7	\N
0101000020E61000000606179258284240ACCA5B0A45914240	Mamure	1193	4	\N
0101000020E6100000FC9FAFE227174240505E9CA22D4B4240	İskenderun	1194	6	\N
0101000020E6100000CC27FF70BE5142402435AA67A88C4240	Fevzipaşa	1195	4	\N
0101000020E610000003822246CD544240E64CAF79F7554240	Raco	1198	5	\N
0101000020E61000007ACCCF97EF7C42400285622BC04A4240	Katma	1199	4	\N
0101000020E61000008BC5ABE95D8B4240BAD6E7B5953C4240	Tel Rıfat	1200	7	\N
0101000020E6100000947369BA2D9A4240D5FA4D9DE8294240	Müslimiye	1201	4	\N
0101000020E61000009E265D32F5FF42406A8776BA626A4240	Karkamış	1202	6	\N
0101000020E61000002CD37191F6BC4240013D175966514240	Çobanbey	1203	5	\N
0101000020E6100000D9AC5188A2524440D75525F1008A4240	Derbesiye	1207	6	Şenyurt
0101000020E61000008DD80162389D44406EB0ED94AE894240	Nusaybin	1208	6	\N
0101000020E610000060E36AB2CF2C434014AF498439734240	Mürşitpınar	1204	4	\N
0101000020E6100000FDDA4CB6B15A444062A9357A6EA44240	Madrin Gar	1209	4	\N
0101000020E6100000E4614768E49242406C631A16711B4240	Haleb İstasyonu	1196	4	\N
0101000020E61000004E6D2003A9944240C3BC2BC539194240	Haleb	1197	9	\N
0101000020E610000091EC53AB9579434094981AD63F5A4240	Telü'l-ebyâz	1205	6	\N
0101000020E6100000400B1F1CA9064440CA09EA4AF16B4240	Resü'l-ayn	1206	5	\N
0101000020E6100000DDB25D6F566642404EEEE09726A84140	Kevkeb	1237	4	\N
0101000020E6100000C78E5DBACA5C4240D8856E0030994140	Kumhâne	1236	4	\N
0101000020E6100000BC0BBBA726F93C403F02AD949E834440	Belediye	1027	2	\N
0101000020E6100000F9FB6F5B020C3D403B26873C657D4440	Feneryolu	1189	4	\N
0101000020E6100000D0161CBC37F93C402C5EF35C11834440	Voyvoda Sokağı	1	2	\N
0101000020E6100000E11648644DEC3C40B47198CA417F4440	Yedikule	1055	2	\N
0101000020E6100000B110649E35ED3C40DECBF7BBC2824440	Topkapı	1054	2	\N
0101000020E61000005B60593A7BF73C40590CED4B27814440	Beyazıd	1044	2	\N
0101000020E6100000F0F01A730AF83C407E30C4B543834440	Azapkapı	1245	2	\N
0101000020E61000006ED4498AE9FC3C40E19AC4BFD3874440	Şişli Karakol	5	2	\N
0101000020E6100000294FBB354DFA3C400DEB6AD5AD854440	Tatavla	1032	2	\N
0101000020E61000006623F72AF5FA3C409C21B4201B864440	Sinemköy	4	2	\N
0101000020E6100000F1BBBD8FCFFC3C40E5451BC78F864440	Pangaltı	3	2	\N
0101000020E6100000CB05A31218FC3C407233B433AA844440	Taksim	2	2	\N
0101000020E6100000E4A95B14D4FC3C40C3F7D3FE2F864440	Harbiye	1030	2	\N
0101000020E6100000E5837EA54AF33C40844D596F3D814440	Aksaray	1052	2	\N
0101000020E61000006A4CAC184CF43C40EA1008FF9C804440	Yenikapı	6	4	\N
0101000020E61000002D790F6AE7EE3C40E82BFB38FF7F4440	Samatya	7	4	\N
0101000020E6100000B8D500F15FED3C401D97A6A5307F4440	Yedikule	9	4	\N
0101000020E6100000F60E60B71EF93C40F9765E410D824440	Eminönü	17	2	\N
0101000020E61000001BDB8A694CFA3C400EEC91D1FB814440	Sirkeci	1023	4	\N
0101000020E6100000E33907C6FCF83C40E2AEC9FCF1814440	İstanbul	1252	10	\N
0101000020E6100000E020FB8255693D400F60FC6B47644440	Gebze	27	7	\N
0101000020E6100000007A24AD2E923D40C240C02B48624440	Tavşancıl	28	5	\N
0101000020E610000022000573DBEA3D40C63C1B0E77614440	İzmit	332	8	\N
0101000020E6100000E6BCFF88DBBA3D40F6BB6A77E1624440	Yarımca	1265	4	\N
0101000020E610000046C34A4F8C523D405F2A843C376A4440	Tuzla	25	5	\N
0101000020E6100000489E0E5A26863D40F35093D97E624440	Diliskelesi	31	4	\N
0101000020E6100000BA667270849D3D407A500ECE57644440	Hereke	29	5	\N
0101000020E6100000CAFEF4DC91C93D408451EEAFAB5F4440	Tütünçiftlik	331	5	\N
\N	pây-ı taht	1253	\N	\N
0101000020E6100000F98605E429F33C40914B110C39824440	Fatih	1046	2	\N
0101000020E610000099B44E01D5EE3C40E1ACD22703824440	Çapa	1053	2	\N
0101000020E61000002E5602D94DFA3C40A0ACD559EC814440	Sirkeci Garı	1256	4	\N
0101000020E610000043DC257279FA3C405513AE3F90814440	Bâb-ı Âlî	1246	2	\N
0101000020E61000003DEE00F4A0FB3C40449550B0B5854440	Yenişehir	1034	2	\N
0101000020E610000059178359FCFD3C402951C3E01F884440	Şişli Tramvay Deposu	1033	2	\N
0101000020E6100000EC21D04F270B3D406F63B323D5894440	Bebek	1041	2	\N
0101000020E61000004EEC46C4390B3D40246F6F6D97884440	Arnavutköy	1040	2	\N
0101000020E6100000C47F3ECF2DFA3C4082300A6F4A844440	Galatasaray	1029	2	\N
0101000020E610000098A1968B9D093D40474959D0C5874440	Kuruçeşme	1039	2	\N
0101000020E610000099D134CDE0063D40F99683EA30864440	Ortaköy	1038	2	\N
0101000020E61000002E60B829D4013D40920B299A62854440	Beşiktaş	1037	2	\N
0101000020E610000096867A9201FE3C40375A12FE58844440	Kabataş	1036	2	\N
0101000020E6100000EBC689A071F73C40E7E8E5A1E8834440	Kasımpaşa	1035	2	\N
0101000020E6100000A1FF3AB3CBFE3C403BCB860898854440	Maçka	1031	2	\N
0101000020E610000098B9BB42EEF93C405899ED8A2C824440	Eminönü İskelesi	1257	3	\N
0101000020E61000005DD1DD4578F93C40C245994BA6834440	Tünel	1028	2	\N
0101000020E6100000B02C5EBBCE584240FF37ECDCC5884140	Keferbehem	1234	4	\N
0101000020E6100000F43F42CBF55C4240F736ECCCE16B4140	Telbise	1232	4	\N
0101000020E6100000B2EDEAE141924240074ADCFB0B154240	Vazîhi	1243	4	\N
0101000020E6100000F377A47C278E42407031B73871FA4140	Hamîdiye	1242	4	\N
0101000020E6100000FACBB0755684424017361279ADEA4140	Tel Ecîn	1241	4	\N
0101000020E6100000ADE7B8D8198642401F8DAB0F2CDE4140	Ebu’z-zuhûr	1240	4	\N
0101000020E610000020A378322CFD4140D496EFCC3D424140	El Abde	1221	4	\N
0101000020E6100000157F78288E3A42402F6709C6E9554140	Kuzlahir	1219	4	\N
0101000020E6100000E675031B7921424070E70CAD2A564140	Tel Kelah	1218	4	\N
0101000020E6100000CD6F1CF0F15942401F9753426F5C4140	Humus	1217	4	\N
0101000020E6100000353A63D68C35424087A3B05E38214140	Res Balbek	1231	4	\N
0101000020E610000026CE481A703D42406750C441982B4140	Elka	1230	4	\N
0101000020E6100000C445421AC1504240EB9ACD1E95524140	Katine	1229	4	\N
0101000020E61000002C7A4775584A424084B5DFE706414140	Kusayr	1228	4	\N
0101000020E6100000941292E49A2D4240710CFCED1A194140	Lebve	1227	4	\N
0101000020E61000009543781A610D42407B7FD33B69F74040	Talya	1226	4	\N
0101000020E6100000B6A445419401424000DAA548E3EC4040	Râyâk	1225	4	\N
0101000020E6100000A255A7A0FE1942403DDFBD5544004140	Balbek	1224	4	\N
0101000020E61000003D6E0DC3827B42408DB3B93E40C24140	Ümmü'r-recim	1239	4	\N
0101000020E6100000868315B67F6E4240DA18CF7E38B74140	Hemdâne	1238	4	\N
0101000020E610000050CC766E5AF93C40DF526965ED824440	Tünel (Galata)	1260	4	\N
0101000020E610000006D472E957F93C401264B138A3834440	Tünel (Pera)	1259	4	\N
0101000020E61000002130D9E1FBF93C40F349940FCB824440	Galata İskelesi	1261	3	\N
0101000020E6100000B3B23799CE093D40660E041C0E7C4440	Fenerbahçe İstasyonu	1262	4	\N
0101000020E610000060C11E7C4D183D4082AFD47F197A4440	Bostancı	1264	4	\N
0101000020E610000050B31FED2B3B3D40F78F4F96A6704440	Pendik	23	5	\N
0101000020E61000005A77F5328F133D406A22C7E95F7C4440	Erenköy	1263	4	\N
\.


--
-- Data for Name: mode; Type: TABLE DATA; Schema: routing; Owner: postgres
--

COPY routing.mode (id, name, speed) FROM stdin;
1	road	4500
2	chaussee	4800
7	tram	15000
9	transfer	4500
3	paddle steamer	6000
4	metro	10000
5	horse tram	8000
6	ship	20000
8	rail	25000
11	connection	-1
\.


--
-- Data for Name: name; Type: TABLE DATA; Schema: routing; Owner: postgres
--

COPY routing.name (location, iso639, name) FROM stdin;
\.


--
-- Data for Name: path; Type: TABLE DATA; Schema: routing; Owner: postgres
--

COPY routing.path (id, geom, source, target) FROM stdin;
4	0102000020E6100000040000002E60B829D4013D40920B299A6285444008E07B67BEFE3C40A5626F7FC8844440A26AF76752FE3C40FA3347EC8884444096867A9201FE3C40375A12FE58844440	1037	1036
6	0102000020E6100000020000002E60B829D4013D40920B299A6285444099D134CDE0063D40F99683EA30864440	1037	1038
32	0102000020E61000000600000099B44E01D5EE3C40E1ACD2270382444035F1503597ED3C4003E14B1A4A824440BDB91C768BED3C4068FD6CA05C82444065BAA31C98ED3C4089406EB798824440D35EAB6695ED3C4056F8E5C9AA824440B110649E35ED3C40DECBF7BBC2824440	1053	1054
30	0102000020E610000006000000EC21D04F270B3D406F63B323D58944403226DD060F0B3D40BFEA3897B089444045388B12940B3D40298657FA128944404F416298D60B3D406517A992EB884440BBAD8C17CD0B3D406835994CA98844404EEC46C4390B3D40246F6F6D97884440	1041	1040
33	0102000020E61000000600000098A1968B9D093D40474959D0C5874440FA72DCBF52093D40E7258D59A78744401914BA17F6083D40D2D775E65D874440F6F221CE88083D400AA93B89AC864440342FCAC529083D4058B8FA236B86444099D134CDE0063D40F99683EA30864440	1039	1038
34	0102000020E61000000500000098A1968B9D093D40474959D0C5874440DED4C2354C0A3D4061193E25108844400F884E99740A3D40329C5C1C55884440FC29BF77C40A3D404E92148F8F8844404EEC46C4390B3D40246F6F6D97884440	1039	1040
8	0102000020E61000000B00000043DC257279FA3C405513AE3F90814440ECC4D5E175FA3C406606CBF085814440A902604065FA3C40B09B951E66814440F750B6438BFA3C40D5027DAC58814440D5546C0F8FFA3C409F8514D5558144402F54E56882FA3C40B97BCE6F1B814440AAAC48DF75FA3C40DC4A3DD50A8144407E27E9596AFA3C4062710F65048144409C8FA0B256FA3C40492A87C3FF804440B9329AAF3AFA3C40ECFE98010181444025379ADFDFF93C401926F23707814440	1246	1042
11	0102000020E6100000080000005B60593A7BF73C40590CED4B27814440D3D2C19C4EF73C4046A6D1BD7B814440ABB4192446F73C40BEE9C4797C81444088CF1E5C0FF73C4074E5A8ED6B814440466CE0D8A4F63C401797F6805F81444011F83F2628F63C4068527C785D8144404928A7BDA8F53C407AF99F5C8D814440B42A12FA27F53C40A5FFC9DBAB814440	1044	1045
36	0102000020E61000000500000091CB9CDC96F93C40CC5E8489E48244401EE71267A6F93C40F57A9CBF01834440CDF8379F9CFA3C40A7A6524159834440A38AC601E1FC3C40203E81F6BF83444096867A9201FE3C40375A12FE58844440	1026	1036
29	0102000020E6100000040000005B60593A7BF73C40590CED4B27814440B13CB145E4F73C4098899B5F1E814440A805998838F83C401EB06DEF1781444025379ADFDFF93C401926F23707814440	1044	1042
12	0102000020E610000003000000F98605E429F33C40914B110C398244409ECD5A9958F43C40FB4F113CDE814440B42A12FA27F53C40A5FFC9DBAB814440	1046	1045
28	0102000020E6100000060000005B60593A7BF73C40590CED4B27814440D8E81547BFF63C40D243210B33814440505DDBE4E1F53C40F0F160B93A814440DD60A310C7F43C408F5FBBEA38814440A9BE55A595F33C40BB1F5D143C814440E5837EA54AF33C40844D596F3D814440	1044	1052
1	0102000020E610000006000000F0F01A730AF83C407E30C4B54383444023DB3F6E76F83C40FB5A1DD00583444094691E9AA8F83C40E3A68A27F58244406F2D0E6FFCF83C403770BFB0E98244403B37562866F93C403F409735E582444091CB9CDC96F93C40CC5E8489E4824440	1245	1026
45	0102000020E6100000030000006623F72AF5FA3C409C21B4201B864440CD5C1D81A3FA3C401A4E9B57E8854440294FBB354DFA3C400DEB6AD5AD854440	4	1032
31	0102000020E61000000500000099B44E01D5EE3C40E1ACD22703824440207F904731F03C4067C0EBD4A081444005B591CE7DF13C40457DEABD64814440BF091F185CF23C4093E936A249814440E5837EA54AF33C40844D596F3D814440	1053	1052
39	0102000020E610000005000000D0161CBC37F93C402C5EF35C11834440AED10DAB6BF93C4030125EC008834440E39344C894F93C40C9760734098344401EE71267A6F93C40F57A9CBF0183444091CB9CDC96F93C40CC5E8489E4824440	1	1026
40	0102000020E610000004000000CB05A31218FC3C407233B433AA844440374FB24C07FC3C4049448F62A48444401B9497F9B5FB3C408A92BACE98844440C47F3ECF2DFA3C4082300A6F4A844440	2	1029
46	0102000020E61000000600000059178359FCFD3C402951C3E01F884440A07A1E80E3FD3C40D4514A872C884440C21B8389A1FD3C403095B642158844402B0670CC36FD3C405E213292F8874440BA17C44602FD3C40E8E3DA7DE38744406ED4498AE9FC3C40E19AC4BFD3874440	1033	5
22	0102000020E610000005000000E4A95B14D4FC3C40C3F7D3FE2F86444014B645AB90FC3C402543A5DED8854440029B327297FC3C4019E0DF004B8544407CE94F8350FC3C40423F5140E6844440CB05A31218FC3C407233B433AA844440	1030	2
24	0102000020E610000003000000F1BBBD8FCFFC3C40E5451BC78F864440031FA85803FC3C40A26CFB57B98644406623F72AF5FA3C409C21B4201B864440	3	4
27	0102000020E6100000050000006ED4498AE9FC3C40E19AC4BFD3874440D0A6C6D4C4FC3C40A67364B2B287444098C97C7EA2FC3C40D6262B376C874440BC806DEAA7FC3C409AB41F7815874440F1BBBD8FCFFC3C40E5451BC78F864440	5	3
17	0102000020E610000012000000E11648644DEC3C40B47198CA417F4440AAD0546A85EC3C404A34488D477F444084B0BA5ADAEC3C4074F4E9B64A7F44408252576858ED3C40666E98E6857F4440D16B860BDFED3C40C90B8466AB7F444000CC2F4F3AEE3C40EECDBA83D47F44403F3CA61A6BEE3C408E465B66F67F4440628AEDE2CAEE3C40955A52D517804440E8E90F8019EF3C409FED7E4A268044402D869E10D9EF3C40375D6E6F4A8044400FD4C0ED92F13C400F6DD052738044407990E98DFDF13C400B3423A2A18044407D1A65450EF23C40CBD93839B8804440F2D263FE2CF23C403ECD7996CE80444054704F7E52F23C401EA004E2D98044409EF227C57EF23C405537C6E2E0804440E38EB6553EF33C40334593D2E3804440E5837EA54AF33C40844D596F3D814440	1055	1052
35	0102000020E61000000200000006D472E957F93C401264B138A383444050CC766E5AF93C40DF526965ED824440	1028	1026
18	0102000020E610000006000000BC0BBBA726F93C403F02AD949E834440F421B2AE1AF93C407BDD61F79A834440E70C2698BCF83C40A825EAE4888344407E951AB0D1F83C407902918B2D8344403F10C9D8FBF83C40527CAA0C1B834440D0161CBC37F93C402C5EF35C11834440	1027	1
44	0102000020E610000011000000BC0BBBA726F93C403F02AD949E8344406763D78F14F93C4054005D1EC38344402709ED262BF93C400694103ADE834440F74AE0F04DF93C408255C0B0FA834440697963F25BF93C40912CE087FE834440F85526A271F93C40457A0B4EFE8344404892769382F93C40821A7E0C03844440F357BB9597F93C407F9B48061684444025E6CBD8A0F93C402B0387B92584444062C1803B9DF93C403E6422483A844440FB252AAF9DF93C4074942C3C3E844440CDE6527FADF93C40B69B5607468444400F57C94ADEF93C40FD0938DF508444405446751CFCF93C402D3191155784444027079EEC0BFA3C40421162AA588444405B5A6C8B1DFA3C408F65309553844440C47F3ECF2DFA3C4082300A6F4A844440	1027	1029
41	0102000020E610000002000000E4A95B14D4FC3C40C3F7D3FE2F864440F1BBBD8FCFFC3C40E5451BC78F864440	3	1030
21	0102000020E6100000040000005DD1DD4578F93C40C245994BA6834440F5721511ADF93C407566DD62C28344403DC15CD90CFA3C403F6D23E440844440C47F3ECF2DFA3C4082300A6F4A844440	1028	1029
60	0102000020E61000000F000000B3B23799CE093D40660E041C0E7C4440DF35B88AF7093D40DA284CB0077C44400502938C080A3D409B79725A097C44407EC671131C0A3D40B988C755187C4440A43704DFF20A3D4040BBF0DB3E7C4440D39B3201FC0A3D405838109F3E7C4440CA73E91E330B3D406284DF3F377C444042D01BC63E0B3D40CA425445397C44407C80EBE4D60B3D407A069919C07C44402F36963C430C3D408D8C4D6F077D44403C1DE36C4B0C3D4058DF4714187D444063E58EBF480C3D4009DE73842B7D4440C65804E6370C3D406D22EEE0427D44401C49AA0C130C3D40ED664CC65A7D4440F9FB6F5B020C3D403B26873C657D4440	1189	1262
61	0102000020E610000011000000F9FB6F5B020C3D403B26873C657D444038898014560B3D4071661CA88D7D4440D82231B0230B3D40B4CE5D7BA47D444040F2C5A8DF0A3D40870701D8F47D4440867C7E4EB20A3D4046276576367E44404FC450D1F2093D40C278E5ACA67E4440A8259AEA7E093D40226AC684ED7E44408E52FA3EC8083D40C5D3DB31247F4440E7B3435854083D406E9D840C447F4440512C81E2D8073D403C56AB04927F44408748EEA87B073D406D08563FD17F44400AFD107340073D40722DD4F7E97F4440C2C4A9F0FE063D40920A3F6DF47F44407735EBFF85063D40DDB58BF3F37F444011C19E3D04063D403961B6C9E37F44402BF87D329E053D4086F7A7EFC37F4440F554814818053D408C77FF01967F4440	20	1189
48	0102000020E610000002000000F60E60B71EF93C40F9765E410D824440E33907C6FCF83C40E2AEC9FCF1814440	17	1252
9	0102000020E610000009000000F60E60B71EF93C40F9765E410D824440F64B2844F5F83C406A29D5B115824440F64B2844F5F83C40FED16E2B198244402F15186604F93C400CFEEFD524824440F5B00B30FBF83C40B091AA082C82444067EC2551D8F83C4047853A3238824440BD89C786C8F83C40FB8AAFD149824440A10B090ECBF83C40388E44975082444091CB9CDC96F93C40CC5E8489E4824440	17	1026
62	0102000020E61000000B000000F9FB6F5B020C3D403B26873C657D4440A242361FBD0C3D4053099F0D3D7D4440A9A78AEB430D3D408DE2F476267D44406514DB32C80D3D400F0B163A267D44405C9EADC3920F3D401DC889CB4B7D444091FF83D21A103D40E047C941567D4440AB3272FFB1103D40BC811EEA5C7D444052D128E625113D4076335B67537D4440C50121E365123D4045D141C8EA7C444009289A3F55133D4012F4D946937C44405A77F5328F133D406A22C7E95F7C4440	1189	1263
64	0102000020E61000000D0000005FC11E7C4D183D4082AFD47F197A44400ABB5B800C193D40DDC5998CF2794440CD8C0094171A3D40C38178094C794440957093CD741A3D40EBE50DC8297944406CC271E6011B3D40CB88E49A197944400D4F3AA7231C3D4070C67D8E1A79444057DEF8979C1C3D408B6ADC8AF3784440083D4C81D11C3D400C968151A9784440CC7230DEBF1C3D401F37FAE56278444075683E336B1D3D40039042D4017844401F0CFB64851E3D406857646345774440327264B4AF203D40493EE6A52B764440E72EA01747223D402A164F07CE754440	1264	19
65	0102000020E610000010000000E72EA01747223D402A164F07CE75444049D0EB73D4243D4041F8962248754440F6BD17397A273D40A678BC9EB37444409345DAAEF5273D4033AAF24D7E7444401F5F514541283D4052CC654643744440DC1120584E2B3D40965658EA0B73444062C2515A102C3D400209A166C6724440DF5B8FEBD92C3D407E733D50787244407D3AA9CF8C2D3D4056749E39EE7144403C074898F12D3D4006EA3E5EAF714440079989AEBD2E3D40D5DEFA519C7144408D49BBB07F2F3D40226B90F0CB714440552D4EEADC2F3D4067D40B52E2714440BEA19AAC5E303D405B1B56E4E0714440B6E1FDA99D303D403429068FD8714440453BB277B1303D4013325EA0D5714440	19	22
66	0102000020E610000013000000453BB277B1303D4013325EA0D5714440B708AED7E4303D40408C842DC77144400FDF077A46313D409873EECBA6714440961132E089313D40E0865E2D9571444003167464DC313D40E114A9828E714440CBC95F5D49323D40AECF1E218C714440081B7AAF82323D40F88A6776857144400869DA0A11333D400E0DBF2064714440AEFE99DEDB333D4066E6138E4771444040CFB6643F343D40D1A008CB477144407200E632D7343D40008E9F205A714440CAD63FD538353D403EAE4FCB5B7144401AC64C4792353D401A3710084D714440C3BB5A9C3D363D4009288D991E714440DFEE48C9D4363D401AF8A74FFC704440C2571B535A373D400DD57B67E6704440C33D4B9D023A3D40BF0B6AEB9F704440DD7039CA993A3D403D82BA039E70444050B31FED2B3B3D40F78F4F96A6704440	22	23
63	0102000020E61000000D0000005A77F5328F133D406A22C7E95F7C4440E4A5F0E9BE133D40C40FE1D02C7C4440AE8983231C143D404DE1F172D27B4440C50EC37344143D401F3BDAC9A47B4440B08983231C143D40FC0BDC5E727B4440F76A933726143D404784556D407B4440455AA0A97F143D40CAF99862107B44405A2449428D153D4010321B0AF07A4440A401688E94163D40CD69D995DB7A4440A7AF166B03173D406CF99591BE7A4440D7B9950B54173D4028CD24F45E7A4440ECDE86DA9B173D406447CB6B387A444060C11E7C4D183D4082AFD47F197A4440	1263	1264
47	0102000020E61000000A000000F60E60B71EF93C40F9765E410D824440F72FECB16BF93C408D1F4F9CFE81444068F175B99BF93C40BB14DBB5F0814440BEB6324EBBF93C405DE85A45E8814440E17B2163CEF93C406272AC78E081444057F1226807FA3C4066D294AED181444072CFFE8853FA3C40D6906887A981444019160E857BFA3C4071A3CAA899814440554FC9367DFA3C40E047D2F29681444043DC257279FA3C405513AE3F90814440	17	1246
23	0102000020E61000000A000000E4A95B14D4FC3C40C3F7D3FE2F864440658ECF35FEFC3C40B1437FA95486444036471F91CEFD3C403B1770909C864440F5F7841D1BFE3C40826364B37F864440CC28B5E094FE3C40003F8BF63786444079AFCD1D99FE3C400F4C4E79298644400B95790692FE3C4077A7E2D5108644409B7E0DA481FE3C403C9F1A04CF854440A1FF3AB3CBFE3C403BCB860898854440A1FF3AB3CBFE3C403BCB860898854440	1030	1031
3	0102000020E61000000D00000043DC257279FA3C405513AE3F90814440544FC9367DFA3C40E047D2F29681444019160E857BFA3C4071A3CAA89981444072CFFE8853FA3C40D6906887A981444057F1226807FA3C4066D294AED1814440E17B2163CEF93C406272AC78E0814440F1DB2E2AC8F93C40C828769EE4814440AA28667EC8F93C4022FB21FAE68144406AB450EFCCF93C4092FBB17BEA81444039EDA89AE3F93C40FC479CA3FA814440072DD62FECF93C40A4647C03FC814440ABB5C106F6F93C402F67DF20FC8144401BDB8A694CFA3C400EEC91D1FB814440	1246	1023
7	0102000020E61000000E000000F60E60B71EF93C40F9765E410D824440DA0B04E02BF93C406A29D5B11582444030D1C0744BF93C405B3CF2251C824440C603043484F93C402731A9B31482444055F00472D6F93C40F7148CEF168244408CDD4B47E4F93C40368E75B916824440C51D01CAEEF93C40736DBF3215824440A23F9358F7F93C40CCB1D0FF12824440C8E7C7A1FAF93C4029F5E23B108244407251B5D0ECF93C40459E8CD4028244406BADC18AEAF93C4026029D4B0082444000B84628ECF93C404ECB381DFE814440ABB5C106F6F93C402F67DF20FC8144401BDB8A694CFA3C400EEC91D1FB814440	1023	17
68	0102000020E6100000090000007E48EFBDBE533D407CA899D5D66944407E48EFBDBE533D407CA899D5D66944408D29F91235543D4095E2D7D0386944401DF7EFA82F553D40DFC590F4A7684440CCB739B1EE573D40C23E1480DA674440FE6470FA315B3D404122B51B8E67444001296D1B915E3D403C347AA32C674440E91F927B3A653D40AC523BCFF8644440E020FB8255693D400F60FC6B47644440	25	27
69	0102000020E610000017000000469E0E5A26863D40F35093D97E624440A99FE9FC87853D406C36BB0270624440D6C532D3E6843D406C36BB027062444079AFC37135843D40D8855AA58B624440F28A07B21F813D404308335BCD634440902018AC19803D40A7682B28DA6344404276EB93C77E3D4055D6AFC1D36344407B93588D047E3D40E2BFA3D3ED634440FCDA6D9A257D3D40B5654920F7634440380FA75F6D7B3D4088F8E4FD9C634440E34CB357177A3D400BE7B2597D634440DCC5801B2D793D403D68522D5B6344405FCD43EA4E783D407A0E72572D63444037A65C89AA773D407A9047AEFF6244408D07DB5447763D40E3DCF99AFA624440FF21714C86743D408A621A8AD462444074A875D231723D408D3DC413D76244401F353B22B56F3D408C7D94C104634440EF251C66ED6D3D40F32BF4426A63444029B50571E46C3D40E09827DBC8634440E2B250380C6C3D40079D210CFF634440770E122E406B3D40516C9542176444408812BEBB156A3D4072F553DC2A644440	27	31
70	0102000020E61000000B000000469E0E5A26863D40F35093D97E62444071D25E0EF6863D404F0361359C624440F04926E1AD873D407473CFE59C624440AF6290A53A893D40669557E27D624440AF6290A53A893D40669557E27D624440FBB04322C08A3D401740A1A094624440529BA0821D8C3D40909E90F0AC6244406DCBDFC8168D3D406007506AD7624440D5E2A15AC78D3D400414ACDAE06244404084759E8A8E3D40314CF1F9CD624440007A24AD2E923D40C240C02B48624440	31	28
71	0102000020E61000000C000000007A24AD2E923D40C240C02B48624440C55F0FD301933D40307F98853B624440477CF58EEC943D4084E6F4D292624440477CF58EEC943D4084E6F4D29262444036B3C9A54F993D4087EC82AFA263444036B3C9A54F993D4087EC82AFA26344401C49F44A9C9A3D4076EC9390D4634440029EE62A0B9C3D40C2E4CF36296444409DD081B73C9C3D408449CB9C306444404C3A9F01F79C3D403C727E4B42644440330CD7D45B9D3D400AFE1ED352644440BA667270849D3D407A500ECE57644440	29	28
67	0102000020E61000001100000050B31FED2B3B3D40F78F4F96A670444050B31FED2B3B3D40F78F4F96A6704440396FF06B253C3D4090D445D3B27044405C67D161073D3D40EDFE4686A6704440C1A4E49AC83D3D40EA49AD5764704440953987DE16413D4022CD8C34B06F4440DF34DD91C1433D40C72DB218D96E444036D77B5E73453D40A9596FBC856E4440BF70C8EE16463D4023AB5A5F326E44406E5A7A29A5463D406DAF993FD46D4440A7DD78F4D6473D407E6B17D7A36D444095C0AC6A33493D406D4A9287A66D4440F64E52181E4A3D4014F04391836D4440BFE120E48F4B3D40C8BA060FD26C4440BFE120E48F4B3D40C8BA060FD26C444080D10A5A924D3D407D11521DE76B444046C34A4F8C523D405F2A843C376A4440	23	25
72	0102000020E610000011000000BA667270849D3D407A500ECE57644440538CC56C219E3D401536A54F5964444053E52C9EB79F3D409393E62734644440680DD125B5A03D4073A7E18DE06344409EBA778950A13D402F1D3A1C926344409EBA778950A13D402E1D3A1C92634440EAD3A9F858A23D40940CBB6F5C6344404E344AB6E9A33D40D6F775885F6344406B4C512E29A73D401960976E9C63444059EE9A3E17AC3D40963B2214A6634440730648DEA9AF3D4055F084CDAC634440730648DEA9AF3D4055F084CDAC634440276C12EEAFB33D40C068B5BB7D63444049EF8070FEB53D40AE9E6C8F6963444097C39C1B8BB83D40B6C451FBD8624440CE5ED7FB71B93D40D5E0FCE4CE624440E6BCFF88DBBA3D40F6BB6A77E1624440	29	1265
74	0102000020E610000010000000CAFEF4DC91C93D408451EEAFAB5F4440FCDCF0A764CA3D40907E0A09B35F44406EA3010A79CB3D4038B838D7D85F444048D406BC5BCE3D40278D5EC5E75F4440E5E341BB18D23D402804D31138604440ECB3D4D4CCD33D40E942DF2F31604440B875E2910BD63D404AB0FF7DA9604440FDAF160F0ED73D4046F2A212BD6044406C8D4351E4DA3D40C6315D6AC460444062D595FECAE23D401766BB3C9E6144406618C541F4E33D408CD3B457996144400BCDB39215E73D404CF33C806361444046B67EED45E83D40ADBF3D4756614440761DF89274E93D40F3EABF0677614440EF61D44D0FEA3D40F4DED8087D61444022000573DBEA3D40C63C1B0E77614440	331	332
73	0102000020E61000000D000000E6BCFF88DBBA3D40F6BB6A77E16244405C2CC16FBFBB3D40882AF953E8624440E0ADD9BBD7BC3D4071DC99DFBD6244406F954C5E42BE3D40D4170CA069624440A23A74B682C03D40D673C98FB961444049E5F837CDC13D405C7ED61901614440CBD7F524D2C23D40460AE337BF604440D8B380B1E4C43D40D24912B09760444050B85B39D8C53D40BD9FA718596044409B1FFC146CC63D40D89F0A9DD85F444029001B6782C73D40E78AA44F9D5F44406DAC1A7CBCC83D40E813AEDBA45F4440CAFEF4DC91C93D408451EEAFAB5F4440	1265	331
\.


--
-- Data for Name: path_mode; Type: TABLE DATA; Schema: routing; Owner: postgres
--

COPY routing.path_mode (id, path, mode, open, close, cost) FROM stdin;
1	3	7	1914-01-01	\N	\N
2	3	1	\N	\N	\N
3	7	1	\N	\N	\N
4	7	7	1914-01-01	\N	\N
18	8	1	\N	\N	\N
19	29	1	\N	\N	\N
20	11	1	\N	\N	\N
21	28	1	\N	\N	\N
22	12	1	\N	\N	\N
24	31	1	\N	\N	\N
41	36	1	\N	\N	\N
42	9	1	\N	\N	\N
46	32	1	\N	\N	\N
49	17	1	\N	\N	\N
50	1	1	\N	\N	\N
53	18	1	\N	\N	\N
54	21	1	\N	\N	\N
56	22	1	\N	\N	\N
58	24	1	\N	\N	\N
59	23	1	\N	\N	\N
60	27	1	\N	\N	\N
61	4	1	\N	\N	\N
62	6	1	\N	\N	\N
63	33	1	\N	\N	\N
64	34	1	\N	\N	\N
65	30	1	\N	\N	\N
79	8	7	1914-01-01	\N	\N
80	29	7	1914-01-01	\N	\N
81	28	7	1914-01-01	\N	\N
82	31	7	1914-01-01	\N	\N
83	32	7	1914-01-01	\N	\N
84	35	4	1875-01-17	\N	\N
85	41	1	\N	\N	\N
86	40	1	\N	\N	\N
87	39	1	\N	\N	\N
99	44	1	\N	\N	\N
100	45	1	\N	\N	\N
107	46	1	\N	\N	\N
108	47	1	\N	\N	\N
146	60	1	\N	\N	\N
147	60	8	1872-01-01	\N	\N
148	61	8	1872-01-01	\N	\N
149	62	8	1872-01-01	\N	\N
150	63	8	1872-01-01	\N	\N
151	64	8	1872-01-01	\N	\N
152	66	8	1872-01-01	\N	\N
153	65	8	1872-01-01	\N	\N
154	67	8	1873-01-01	\N	\N
155	68	8	1873-01-01	\N	\N
156	69	8	1873-01-01	\N	\N
157	70	8	1873-01-01	\N	\N
158	71	8	1873-01-01	\N	\N
159	72	8	1873-01-01	\N	\N
160	74	8	1873-01-01	\N	\N
161	73	8	1873-01-01	\N	\N
112	9	7	1914-01-01	\N	\N
113	36	7	1914-01-01	\N	\N
114	4	7	1914-01-01	\N	\N
115	6	7	1914-01-01	\N	\N
116	33	7	1914-01-01	\N	\N
117	34	7	1914-01-01	\N	\N
118	30	7	1914-01-01	\N	\N
119	46	7	1914-01-01	\N	\N
120	27	7	1914-01-01	\N	\N
121	41	7	1914-01-01	\N	\N
122	22	7	1914-01-01	\N	\N
123	40	7	1914-01-01	\N	\N
124	21	7	1914-01-01	\N	\N
125	11	7	1914-05-18	\N	\N
126	12	7	1914-05-18	\N	\N
111	\N	5	1871-11-14	\N	\N
127	47	5	1871-11-14	\N	\N
128	24	7	1914-01-01	\N	\N
129	45	7	1914-01-01	\N	\N
130	23	7	1914-01-01	\N	\N
131	17	7	1914-01-01	\N	\N
132	44	7	1914-01-01	\N	\N
133	18	7	1914-01-01	\N	\N
134	39	7	1914-01-01	\N	\N
135	48	11	\N	\N	-1
106	46	5	1883-01-01	1913-12-31	\N
76	17	5	1873-01-01	1913-12-31	\N
77	31	5	1874-01-01	1913-12-31	\N
78	32	5	1874-01-01	1913-12-31	\N
88	39	5	1883-01-01	1913-12-31	\N
89	18	5	1883-01-01	1913-12-31	\N
96	27	5	1883-01-01	1913-12-31	\N
95	41	5	1883-01-01	1913-12-31	\N
94	22	5	1883-01-01	1913-12-31	\N
93	40	5	1883-01-01	1913-12-31	\N
98	44	5	1883-01-01	1913-12-31	\N
101	45	5	1911-01-01	1913-12-31	\N
97	24	5	1911-01-01	1913-12-31	\N
105	21	5	1911-01-01	1913-12-31	\N
72	1	5	1871-07-31	1913-12-31	\N
73	36	5	1871-07-31	1913-12-31	\N
74	4	5	1871-07-31	1913-12-31	\N
75	6	5	1872-02-05	1913-12-31	\N
66	8	5	1871-11-14	1913-12-31	\N
109	\N	5	1871-11-14	1913-12-31	\N
69	29	5	1871-11-14	1913-12-31	\N
70	28	5	1871-11-14	1913-12-31	\N
\.


--
-- Data for Name: rank; Type: TABLE DATA; Schema: routing; Owner: postgres
--

COPY routing.rank (id, name, size) FROM stdin;
10	pây-ı taht	\N
9	vilâyet merkezi	\N
8	sancak merkezi	\N
7	kazâ merkezi	\N
6	nâhiye merkezi	\N
5	köy	\N
4	istasyon	\N
3	iskele	\N
2	durak	\N
0	other	\N
1	menzil	\N
\.


--
-- Name: location_id_seq; Type: SEQUENCE SET; Schema: routing; Owner: postgres
--

SELECT pg_catalog.setval('routing.location_id_seq', 1265, true);


--
-- Name: mode_id_seq; Type: SEQUENCE SET; Schema: routing; Owner: postgres
--

SELECT pg_catalog.setval('routing.mode_id_seq', 11, true);


--
-- Name: path_id_seq; Type: SEQUENCE SET; Schema: routing; Owner: postgres
--

SELECT pg_catalog.setval('routing.path_id_seq', 74, true);


--
-- Name: path_mode_id_seq; Type: SEQUENCE SET; Schema: routing; Owner: postgres
--

SELECT pg_catalog.setval('routing.path_mode_id_seq', 161, true);


--
-- Name: rank_id_seq; Type: SEQUENCE SET; Schema: routing; Owner: postgres
--

SELECT pg_catalog.setval('routing.rank_id_seq', 1, false);


--
-- Name: location location_pkey; Type: CONSTRAINT; Schema: routing; Owner: postgres
--

ALTER TABLE ONLY routing.location
    ADD CONSTRAINT location_pkey PRIMARY KEY (id);


--
-- Name: mode mode_pkey; Type: CONSTRAINT; Schema: routing; Owner: postgres
--

ALTER TABLE ONLY routing.mode
    ADD CONSTRAINT mode_pkey PRIMARY KEY (id);


--
-- Name: path_mode path_mode_pkey; Type: CONSTRAINT; Schema: routing; Owner: postgres
--

ALTER TABLE ONLY routing.path_mode
    ADD CONSTRAINT path_mode_pkey PRIMARY KEY (id);


--
-- Name: path path_pkey; Type: CONSTRAINT; Schema: routing; Owner: postgres
--

ALTER TABLE ONLY routing.path
    ADD CONSTRAINT path_pkey PRIMARY KEY (id);


--
-- Name: rank rank_pkey; Type: CONSTRAINT; Schema: routing; Owner: postgres
--

ALTER TABLE ONLY routing.rank
    ADD CONSTRAINT rank_pkey PRIMARY KEY (id);


--
-- Name: location_geom_idx; Type: INDEX; Schema: routing; Owner: postgres
--

CREATE INDEX location_geom_idx ON routing.location USING gist (geom);


--
-- Name: path_geom_idx; Type: INDEX; Schema: routing; Owner: postgres
--

CREATE INDEX path_geom_idx ON routing.path USING gist (geom);


--
-- Name: location location_rank_fkey; Type: FK CONSTRAINT; Schema: routing; Owner: postgres
--

ALTER TABLE ONLY routing.location
    ADD CONSTRAINT location_rank_fkey FOREIGN KEY (rank) REFERENCES routing.rank(id);


--
-- Name: name name_location_fkey; Type: FK CONSTRAINT; Schema: routing; Owner: postgres
--

ALTER TABLE ONLY routing.name
    ADD CONSTRAINT name_location_fkey FOREIGN KEY (location) REFERENCES routing.location(id);


--
-- Name: path_mode path_mode_mode_fkey; Type: FK CONSTRAINT; Schema: routing; Owner: postgres
--

ALTER TABLE ONLY routing.path_mode
    ADD CONSTRAINT path_mode_mode_fkey FOREIGN KEY (mode) REFERENCES routing.mode(id);


--
-- Name: path_mode path_mode_path_fkey; Type: FK CONSTRAINT; Schema: routing; Owner: postgres
--

ALTER TABLE ONLY routing.path_mode
    ADD CONSTRAINT path_mode_path_fkey FOREIGN KEY (path) REFERENCES routing.path(id);


--
-- Name: path path_source_fkey; Type: FK CONSTRAINT; Schema: routing; Owner: postgres
--

ALTER TABLE ONLY routing.path
    ADD CONSTRAINT path_source_fkey FOREIGN KEY (source) REFERENCES routing.location(id);


--
-- Name: path path_target_fkey; Type: FK CONSTRAINT; Schema: routing; Owner: postgres
--

ALTER TABLE ONLY routing.path
    ADD CONSTRAINT path_target_fkey FOREIGN KEY (target) REFERENCES routing.location(id);


--
-- Name: edge; Type: MATERIALIZED VIEW DATA; Schema: routing; Owner: postgres
--

REFRESH MATERIALIZED VIEW routing.edge;


--
-- PostgreSQL database dump complete
--

\unrestrict zA5ESwRsjvbbivMm5hfzv6jwmZaj8BZI3ijjhBpOMBaVfMZ71IpS8hRJHV12xEW

